season,franchise,team_qb_epa,team_qb_dropbacks,team_qb_metric,offense_epa,offense_plays,offense_metric,defense_epa_allowed,defense_plays,defense_metric,wins,losses,ties,games,record_metric
2006,ARI,6.58556775001406,582.0,0.011315408505178797,-46.22617619766661,1018,-0.045408817482973096,-43.398109863252856,1044,0.0415690707502422,5,11,0,16,0.3125
2006,ATL,-46.3572842183502,514.0,-0.09018926890729612,-52.01011115242275,1029,-0.050544325706922015,-8.183364082177068,1022,0.008007205559860144,7,9,0,16,0.4375
2006,BAL,54.534203500910735,555.0,0.09825982612776708,-14.05848772557026,1013,-0.013878072779437572,-210.03622352035677,961,0.218560066098186,13,3,0,16,0.8125
2006,BUF,-23.447711973582546,492.0,-0.04765795116581818,-81.72563442326492,924,-0.08844765630223476,-40.92553096336032,1038,0.039427293798998383,7,9,0,16,0.4375
2006,CAR,-35.38028262879448,577.0,-0.061317647536905516,-71.18927289239546,1006,-0.0707646847836933,-60.50017367389048,1013,0.05972376473236967,8,8,0,16,0.5
2006,CHI,-39.1082498516935,538.0,-0.07269191422247863,-49.06717601239174,1061,-0.046246160237881,-183.1488497613283,1049,0.17459375573053224,13,3,0,16,0.8125
2006,CIN,64.2870324416908,562.0,0.11438973744073096,44.81184968021195,1006,0.04454458218708941,23.789765413492724,1048,-0.022700157837302216,8,8,0,16,0.5
2006,CLE,-112.85031283674266,577.0,-0.19558113143282957,-189.911994965479,963,-0.19720871751347768,3.149835921374088,1044,-0.0030170842158755633,4,12,0,16,0.25
2006,DAL,80.57221794300534,565.0,0.14260569547434573,76.12851639439043,1050,0.07250334894703851,-9.178066131005174,995,0.009224187066336858,9,7,0,16,0.5625
2006,DEN,-40.55566986880966,497.0,-0.0816009454100798,-44.47204045788261,986,-0.045103489308197374,-67.34109063094657,1032,0.06525299479742884,9,7,0,16,0.5625
2006,DET,-47.221225426562725,672.0,-0.07026968069428977,-111.59168662678067,1000,-0.11159168662678066,25.56535126128128,1048,-0.024394419142443967,3,13,0,16,0.1875
2006,GB,-22.3574605817119,653.0,-0.034238071334934,-74.10412704371129,1104,-0.06712330348162254,-69.52676912889943,1023,0.06796360618660746,8,8,0,16,0.5
2006,HOU,-46.7261834910565,549.0,-0.08511144533890073,-60.25735791727138,972,-0.06199316658155492,23.28145358671205,1013,-0.022982678762795708,6,10,0,16,0.375
2006,IND,171.71408585741509,576.0,0.2981147323913456,156.75342537491235,1022,0.1533790854940434,66.55813250199333,978,-0.06805535020653715,12,4,0,16,0.75
2006,JAX,-12.60854107047406,515.0,-0.02448260402033798,11.126479609008422,1004,0.011082151004988468,-94.7019585857381,999,0.09479675534107918,8,8,0,16,0.5
2006,KC,14.52186189373524,502.0,0.028928011740508446,-9.064429889187112,1015,-0.008930472797228682,-12.785690524261335,1016,0.012584341067186354,9,7,0,16,0.5625
2006,LAC,80.09630711510178,504.0,0.1589212442759956,134.92227391101392,1029,0.13111979971915833,-67.9481684617221,1013,0.06707617814582637,14,2,0,16,0.875
2006,LAR,48.73973678692771,638.0,0.07639457176634437,43.16233613512674,1082,0.039891253359636544,25.154086495337616,985,-0.02553714365008895,8,8,0,16,0.5
2006,LV,-163.49978211308678,570.0,-0.2868417230054154,-253.7350780643478,986,-0.2573378073674927,-70.0672936609209,989,0.07084660633055702,2,14,0,16,0.125
2006,MIA,-60.18014840581841,637.0,-0.09447433030740723,-107.65700761731723,1046,-0.10292256942382144,-91.87815793260208,1028,0.08937564001225883,6,10,0,16,0.375
2006,MIN,-115.13882622804984,608.0,-0.18937306945402935,-159.2481924564827,1053,-0.1512328513356911,-122.88421248916468,993,0.12375046574941055,6,10,0,16,0.375
2006,NE,55.668272697940246,572.0,0.0973221550663291,66.8770352337765,1060,0.06309154267337405,-96.07751279168681,984,0.09763974877203944,12,4,0,16,0.75
2006,NO,96.398923793411,616.0,0.156491759404888,78.23099076589745,1080,0.07243610256101615,-28.853303612623076,936,0.030826179073315252,10,6,0,16,0.625
2006,NYG,-22.42463666948132,551.0,-0.04069807018054686,-17.811011246653266,1031,-0.01727547162623983,-35.10751070006401,1073,0.0327190220876645,8,8,0,16,0.5
2006,NYJ,13.149525849317962,533.0,0.024670780205099368,-19.88084605596068,1037,-0.01917150053612409,-21.804749628522472,1036,0.02104705562598694,10,6,0,16,0.625
2006,PHI,67.64407795903465,604.0,0.11199350655469312,54.665206304208446,1000,0.054665206304208444,-73.1498287538179,1090,0.06710993463653019,10,6,0,16,0.625
2006,PIT,24.237423152425656,583.0,0.04157362461822583,4.005703994737232,1042,0.0038442456763313165,-79.22898021490855,985,0.0804355129085366,8,8,0,16,0.5
2006,SEA,-30.323081458611643,573.0,-0.052919862929514214,-80.3174072914301,1071,-0.07499291063625593,-33.0061756649858,1004,0.03287467695715717,9,7,0,16,0.5625
2006,SF,-46.14201969027953,493.0,-0.09359436042653049,-85.0096134705068,931,-0.09131000372771945,48.71920176273009,1042,-0.0467554719411997,7,9,0,16,0.4375
2006,TB,-128.79565652501515,598.0,-0.21537735204852032,-184.53975651333178,992,-0.18602798035618123,6.209476348910925,1011,-0.0061419152808218835,4,12,0,16,0.25
2006,TEN,-48.25642647778445,516.0,-0.09352020635229545,-82.9840391914528,970,-0.0855505558674771,53.38478281351097,1082,-0.04933898596442788,8,8,0,16,0.5
2006,WAS,11.108606811130468,508.0,0.02186733624238281,-6.5107550211884675,1007,-0.006465496545370871,113.23124984147968,1016,-0.11144808055263748,5,11,0,16,0.3125
2007,ARI,3.680078775379754,621.0,0.0059260527783892986,-37.99102602012892,1041,-0.036494741613956695,-59.34729484991211,1033,0.057451398693041736,8,8,0,16,0.5
2007,ATL,-95.96080428452939,617.0,-0.15552804584202495,-150.23842332399536,1013,-0.14831038827640214,20.711756086071542,1040,-0.0199151500827611,4,12,0,16,0.25
2007,BAL,-72.15613616449181,614.0,-0.11751813707571956,-113.96004407529983,1058,-0.10771270706550079,-23.984720482120846,994,0.02412949746692238,5,11,0,16,0.3125
2007,BUF,-70.76335801151218,485.0,-0.1459038309515715,-117.0034095083802,934,-0.1252713163901287,26.5664469690096,1055,-0.025181466321336114,7,9,0,16,0.4375
2007,CAR,-55.66788426910395,554.0,-0.10048354561210099,-88.55415983722983,1011,-0.08759066254918875,-33.7010901773862,1045,0.03224984705969971,7,9,0,16,0.4375
2007,CHI,-65.32237224648915,613.0,-0.1065617818050394,-133.8646521405919,1045,-0.12810014558908314,-56.97349384811678,1066,0.053446054266526065,7,9,0,16,0.4375
2007,CIN,48.46531223725614,592.0,0.0818670814818516,24.467286658439654,1024,0.023893834627382475,3.8976672261053333,1009,-0.003862901116060786,7,9,0,16,0.4375
2007,CLE,20.944947036894742,570.0,0.036745521117359195,-13.159103674749717,1018,-0.012926427971266913,9.615676109234057,1093,-0.008797507876700876,10,6,0,16,0.625
2007,DAL,130.48848204610437,573.0,0.2277285899582973,108.46784059122247,996,0.1089034544088579,-40.10864096393012,1017,0.039438191704946036,13,3,0,16,0.8125
2007,DEN,32.97143957850212,556.0,0.05930115032104698,-1.289066393168873,995,-0.0012955441137375609,52.02871847758522,1011,-0.05146262955250764,7,9,0,16,0.4375
2007,DET,-33.34293882114923,653.0,-0.05106116205382731,-64.70771612300184,991,-0.06529537449344283,28.770636819898844,1091,-0.026370886177725796,7,9,0,16,0.4375
2007,GB,104.5318542901043,598.0,0.17480243192325134,74.84342475484058,1001,0.07476865609874184,-54.416278433033824,1045,0.052072993715821844,13,3,0,16,0.8125
2007,HOU,10.218649281273075,559.0,0.01828023127240264,-14.216083714000195,973,-0.014610569079136892,40.66689846905603,1014,-0.04010542255330969,8,8,0,16,0.5
2007,IND,122.49772936258152,576.0,0.2126696690322596,143.1138818366439,1028,0.13921583836249407,-86.76912733649559,995,0.08720515310200562,13,3,0,16,0.8125
2007,JAX,102.31711434556013,522.0,0.1960097975968585,111.3628273203865,1032,0.10790971639572336,-38.73148197531781,985,0.03932130149778458,11,5,0,16,0.6875
2007,KC,-83.48236819281111,623.0,-0.1340005909996968,-136.63251820441522,1032,-0.13239585097327056,-48.598811112390614,985,0.0493388945303458,4,12,0,16,0.25
2007,LAC,19.848290470177325,503.0,0.03945982200830482,-21.70735060230763,995,-0.021816432766138323,-106.48636892917605,1048,0.10160913065761074,11,5,0,16,0.6875
2007,LAR,-99.7044226772259,624.0,-0.1597827286494005,-155.81249707517892,1046,-0.1489603222516051,29.706961262509317,1001,-0.029677283978530786,3,13,0,16,0.1875
2007,LV,-38.36910742692468,517.0,-0.07421490798244619,-110.44047361989664,1048,-0.10538213131669526,19.913125457344186,960,-0.02074283901806686,4,12,0,16,0.25
2007,MIA,-56.9394867538276,606.0,-0.09395954909872542,-79.26747773339642,1010,-0.07848265122118457,81.37719082097549,1006,-0.08089183978228179,1,15,0,16,0.0625
2007,MIN,-18.167678088113313,494.0,-0.03677667629172735,-31.896018073075897,971,-0.032848628293590004,-98.93765848497505,1083,0.09135517865648665,8,8,0,16,0.5
2007,NE,263.9397625643609,623.0,0.4236593299588457,276.3302913089898,1078,0.2563360772810666,-75.61742762949521,951,0.07951359372186668,16,0,0,16,1.0
2007,NO,43.95520694566539,673.0,0.06531234315849241,11.847273835485312,1084,0.010929219405429255,5.6681501814189055,975,-0.005813487365557851,7,9,0,16,0.4375
2007,NYG,-57.33223471461516,580.0,-0.09884868054243993,-40.590732903643136,1062,-0.03822102909947565,-62.49055977546758,999,0.06255311288835594,10,6,0,16,0.625
2007,NYJ,-52.32460507571253,576.0,-0.09084132825644536,-77.08442875999772,1030,-0.07483925122329876,48.80684286990824,1022,-0.047756206330634286,4,12,0,16,0.25
2007,PHI,22.105804640416913,656.0,0.03369787292746481,42.67911146945439,1057,0.040377588902038214,-30.062700616394935,996,0.030183434353810174,8,8,0,16,0.5
2007,PIT,98.71354094081275,511.0,0.19317718383720694,55.51047395096853,1001,0.0554550189320365,-84.49799916997426,942,0.0897006360615438,10,6,0,16,0.625
2007,SEA,56.03699068839227,641.0,0.08742120232198483,6.1421200354322725,1061,0.005788991550831548,-126.39818889012243,1059,0.11935617458935073,10,6,0,16,0.625
2007,SF,-168.1418643607716,578.0,-0.29090287951690585,-236.69007696310032,932,-0.253959310046245,-4.861395514932359,1088,0.004468194407106947,5,11,0,16,0.3125
2007,TB,28.359867703937585,553.0,0.05128366673406435,-4.316379425665859,979,-0.004408967748381879,-96.28328281321431,986,0.09765038824869605,9,7,0,16,0.5625
2007,TEN,-7.891829045870092,543.0,-0.01453375514893203,-68.83867115879255,1042,-0.06606398383761282,-78.71282047101289,1005,0.0783212143990178,10,6,0,16,0.625
2007,WAS,46.78205441767111,577.0,0.08107808391277489,-42.313456367615245,1062,-0.039843179253875,-46.55996321141664,1051,0.04430063102894066,9,7,0,16,0.5625
2008,ARI,87.76837739653206,662.0,0.13258063050835658,52.7690202168684,1015,0.051989182479673296,28.609153020382145,1013,-0.028242006930288395,9,7,0,16,0.5625
2008,ATL,64.99040290774462,464.0,0.1400655235080703,67.41860667353004,1024,0.06583848307961918,14.667087183925446,1018,-0.014407747724877648,11,5,0,16,0.6875
2008,BAL,-3.8715427275255587,480.0,-0.008065714015678247,-19.18032395601195,1072,-0.017892093242548462,-206.74698750243917,952,0.21717120535970502,11,5,0,16,0.6875
2008,BUF,-25.358123421015563,534.0,-0.0474871225112651,-48.59203516142157,971,-0.050043290588487714,-4.657340813894716,977,0.004766981385767365,7,9,0,16,0.4375
2008,CAR,28.74726463892912,436.0,0.06593409320855304,61.83685314342963,943,0.0655746056664153,-35.99533126272881,1050,0.03428126786926553,12,4,0,16,0.75
2008,CHI,-55.76137995059414,566.0,-0.09851833913532533,-95.02114328618465,1004,-0.09464257299420782,-69.9324000049458,1097,0.06374876937552033,9,7,0,16,0.5625
2008,CIN,-98.81128117665318,605.0,-0.1633244316969474,-170.6366566343388,994,-0.1716666565737815,0.6568882199686408,1028,-0.0006389963229266934,4,11,1,16,0.28125
2008,CLE,-116.5949341572282,525.0,-0.22208558887091084,-147.1159698376327,951,-0.15469607764209536,35.559188215845616,1023,-0.034759714775997666,4,12,0,16,0.25
2008,DAL,-5.1254192303779575,589.0,-0.008701900221354766,-18.23956230832916,998,-0.018276114537403968,-30.490886387769997,997,0.030582634290641925,9,7,0,16,0.5625
2008,DEN,110.809717153109,652.0,0.16995355391581135,105.60912686376605,1042,0.10135232904392136,146.30981708298256,998,-0.14660302312924103,8,8,0,16,0.5
2008,DET,-126.25606034482762,569.0,-0.2218911429610327,-153.9437954505723,949,-0.16221685505855882,179.79659606099486,1014,-0.1773141972988115,0,16,0,16,0.0
2008,GB,85.70677282411677,594.0,0.14428749633689691,52.50618157931283,1034,0.05077967270726579,-21.65319973115575,1034,0.0209411989663015,6,10,0,16,0.375
2008,HOU,29.07747782801387,598.0,0.048624544862899445,37.86104274771104,1029,0.0367940162757153,49.9206426567711,957,-0.05216368093706489,8,8,0,16,0.5
2008,IND,136.17562541004492,603.0,0.22583022456060517,111.97493552448917,982,0.1140274292510073,-13.015834268579681,999,0.013028863131711392,12,4,0,16,0.75
2008,JAX,13.066657178795978,614.0,0.02128120061693156,-4.1785915876774755,1035,-0.004037286558142488,65.61417708090086,947,-0.06928635383410861,5,11,0,16,0.3125
2008,KC,-23.005822116652013,606.0,-0.0379634028327591,-49.4876172266667,976,-0.05070452584699457,81.59468183111264,1046,-0.0780063879838553,2,14,0,16,0.125
2008,LAC,126.69231274819515,517.0,0.24505282930018404,122.85734717863545,951,0.12918753646544212,37.399193372724056,1073,-0.03485479345081459,8,8,0,16,0.5
2008,LAR,-130.72471944164474,575.0,-0.22734733815938216,-187.06591592330008,1012,-0.18484774300721352,67.64624137965626,978,-0.06916793597101867,2,14,0,16,0.125
2008,LV,-86.95482617685101,469.0,-0.18540474664573778,-140.02402878021283,941,-0.1488034312223303,60.86445180572759,1063,-0.05725724534875597,5,11,0,16,0.3125
2008,MIA,95.6267582205437,525.0,0.18214620613436897,80.70097611704705,964,0.08371470551560897,10.843407881522348,1008,-0.010757349088811853,11,5,0,16,0.6875
2008,MIN,-26.963271258788094,510.0,-0.052869159330957045,-40.44058875442137,1040,-0.038885181494635934,-107.18329771560121,979,0.10948242871869378,10,6,0,16,0.625
2008,NE,72.1823987041694,618.0,0.11679999790318674,112.85424413136616,1092,0.10334637740967596,9.763682515375573,940,-0.010386896292952736,11,5,0,16,0.6875
2008,NO,146.286780967939,649.0,0.2254033605052989,126.8736007344904,1061,0.11957926553674872,40.61823164678908,1023,-0.03970501627252109,8,8,0,16,0.5
2008,NYG,57.03811470227941,526.0,0.10843748042258443,97.30471391287038,1052,0.09249497520234827,-50.82048125522419,948,0.05360810258989893,12,4,0,16,0.75
2008,NYJ,5.405885556055197,567.0,0.009534189693219043,38.21037544364913,1007,0.03794476210888692,-26.830847467417236,1033,0.025973714876492967,9,7,0,16,0.5625
2008,PHI,21.761440575702736,651.0,0.03342771209785367,4.733669584011662,1058,0.0044741678487822895,-157.45700527299343,1004,0.1568296865268859,9,6,1,16,0.59375
2008,PIT,4.1934823116019055,570.0,0.007356986511582291,-32.13715240977851,1030,-0.031201118844445153,-189.6368741493972,996,0.1903984680214831,12,4,0,16,0.75
2008,SEA,-27.12615333826263,532.0,-0.05098901003432825,-53.635927286177754,946,-0.05669759755409911,73.60374404815789,1078,-0.06827805570330046,4,12,0,16,0.25
2008,SF,-19.434698483502277,594.0,-0.0327183476153237,-55.22707537602017,988,-0.055897849570870614,27.14831982694782,1041,-0.026079077643561786,7,9,0,16,0.4375
2008,TB,14.550453436674623,621.0,0.02343068186260004,-35.41023364145128,1066,-0.03321785519835955,-79.90345680125385,959,0.0833195587082939,9,7,0,16,0.5625
2008,TEN,6.025751909262194,478.0,0.012606175542389528,-2.9210159629161434,987,-0.002959489324129831,-121.99920869450389,1048,0.11641145867796172,13,3,0,16,0.8125
2008,WAS,-6.045868127555429,571.0,-0.010588210381007756,-33.457695169630284,1050,-0.03186447159012408,-27.496987403445992,943,0.029159053450101793,8,8,0,16,0.5
2009,ARI,20.085526933286175,620.0,0.03239601118271964,-25.56357725246549,1000,-0.02556357725246549,-47.27149085221205,1058,0.044680048064472636,10,6,0,16,0.625
2009,ATL,45.83460164324836,602.0,0.07613721203197403,43.49547741776963,1068,0.040726102451095154,10.81793645458263,1027,-0.010533531114491363,9,7,0,16,0.5625
2009,BAL,34.91450405438631,559.0,0.062458862351317194,60.4751242798664,1044,0.057926364252745596,-88.38358369916857,1025,0.0862278865357742,9,7,0,16,0.5625
2009,BUF,-70.1936902663694,513.0,-0.13682980558746471,-117.5916022457178,939,-0.12523067331812332,-42.43335235034463,1098,0.038646040391935,6,10,0,16,0.375
2009,CAR,-44.253442331659684,503.0,-0.08797901059972105,-59.30193831187436,1030,-0.05757469739016928,-78.78868926391111,1007,0.07824100224817389,8,8,0,16,0.5
2009,CHI,-51.943245729412055,612.0,-0.0848745845251831,-88.28222311434283,991,-0.08908397892466481,3.7321554106932786,1051,-0.003551051770402739,7,9,0,16,0.4375
2009,CIN,11.880289584464766,521.0,0.022802859087264427,-19.475750353496164,1040,-0.01872668303220785,-58.765040378445356,993,0.059179295446571356,10,6,0,16,0.625
2009,CLE,-137.860760920874,477.0,-0.28901627027436894,-165.53505726677196,987,-0.1677153569065572,77.86648674182088,1086,-0.07170026403482585,5,11,0,16,0.3125
2009,DAL,105.37819876459982,594.0,0.17740437502457881,92.44805813905961,1045,0.08846704128139676,-37.448557418125354,1018,0.03678640217890506,11,5,0,16,0.6875
2009,DEN,3.1837061184063495,601.0,0.005297347950759317,-28.010234368013705,1061,-0.026399843890682097,-67.87326664054409,1031,0.06583246036910193,8,8,0,16,0.5
2009,DET,-136.97642713092168,648.0,-0.21138337520203962,-178.80090564517585,1058,-0.1689989656381624,82.28906600547644,1034,-0.07958323598208554,2,14,0,16,0.125
2009,GB,121.87499185944553,623.0,0.19562599014357226,131.82163721384313,1066,0.12366007243324871,-146.67167002368953,992,0.14785450607226766,11,5,0,16,0.6875
2009,HOU,99.20395931299818,633.0,0.15672031487045526,44.291028052372,1038,0.04266958386548362,-30.53598360550457,1013,0.03014411017325229,9,7,0,16,0.5625
2009,IND,136.93951564779954,619.0,0.2212270042775437,127.59164652186237,1002,0.12733697257670895,-38.97422315016074,1106,0.03523889977410555,14,2,0,16,0.875
2009,JAX,-12.613432350810577,595.0,-0.021199045967748867,8.484321533258576,1023,0.008293569436225393,91.33058308780079,986,-0.0926273662148081,7,9,0,16,0.4375
2009,KC,-90.10358184594179,604.0,-0.14917811563897648,-130.51313664933048,1060,-0.12312560061257592,23.197544662507593,1087,-0.021340887454008826,4,12,0,16,0.25
2009,LAC,171.8879769660738,552.0,0.3113912626196989,142.64369856783895,993,0.14364924327073408,16.25822375649547,1026,-0.015846221984888373,13,3,0,16,0.8125
2009,LAR,-169.65277311977792,600.0,-0.2827546218662965,-213.5145783641488,1030,-0.20729570714965903,91.74464007332706,1019,-0.09003399418383422,1,15,0,16,0.0625
2009,LV,-136.03723267574912,551.0,-0.24689152935707645,-187.26207266627688,973,-0.19245845083892793,63.33669276925174,1045,-0.060609275377274396,5,11,0,16,0.3125
2009,MIA,-13.477040813341713,583.0,-0.023116708084634157,4.044186976333576,1110,0.0036434116903906084,47.265316082316886,987,-0.04788785823942947,7,9,0,16,0.4375
2009,MIN,138.7274669348778,587.0,0.23633299307474925,91.05939498748897,1071,0.08502277776609614,-67.61400809181842,954,0.07087422231846795,12,4,0,16,0.75
2009,NE,130.23195861103895,622.0,0.2093761392460433,131.27270342974953,1109,0.11837033672655503,-29.55612823717049,963,0.030691721949294384,10,6,0,16,0.625
2009,NO,130.77104769426197,570.0,0.22942289069168767,124.1030544655617,1051,0.1180809271794117,-51.158660493934796,1056,0.048445701225317044,13,3,0,16,0.8125
2009,NYG,94.88255209044395,583.0,0.1627488028995608,64.9976220082251,1048,0.06202063168723768,67.85017240450229,968,-0.07009315331043625,8,8,0,16,0.5
2009,NYJ,-80.08554422063584,442.0,-0.18118901407383675,-61.74735620212403,1038,-0.05948685568605398,-166.52406284132925,979,0.17009608053251202,9,7,0,16,0.5625
2009,PHI,48.73362286521776,608.0,0.08015398497568711,45.09996917901068,990,0.04555552442324311,-82.64972926781992,1077,0.07674069569899714,11,5,0,16,0.6875
2009,PIT,76.3923358157257,595.0,0.1283904803625642,44.53564835351217,1045,0.042617845314365715,-25.75749104920313,995,0.025886925677591086,9,7,0,16,0.5625
2009,SEA,-74.28105124001154,670.0,-0.11086724065673363,-114.37456731221447,1073,-0.10659325937764629,31.728759934647076,1053,-0.030131775816378988,5,11,0,16,0.3125
2009,SF,-42.45994448848669,580.0,-0.07320680084221844,-64.331951484289,958,-0.06715235019236847,-132.36643830030116,1063,0.12452157883377343,8,8,0,16,0.5
2009,TB,-86.64389679545025,598.0,-0.1448894595241643,-154.32698630182801,987,-0.156359661906614,44.891473485650124,1050,-0.042753784272047735,3,13,0,16,0.1875
2009,TEN,14.152188652836003,519.0,0.027268186228971102,9.999038119877161,1005,0.009949291661569314,60.840415548837484,1055,-0.057668640330651645,8,8,0,16,0.5
2009,WAS,9.799033177420215,603.0,0.01625046961429555,-46.248271824666965,988,-0.046809991725371425,-8.894690871333893,1019,0.008728842857049944,4,12,0,16,0.25
2010,ARI,-165.71739542975396,622.0,-0.26642668075523146,-210.33597114913198,956,-0.2200167062229414,-18.21435152838298,1125,0.016190534691895984,5,11,0,16,0.3125
2010,ATL,88.90891433740985,624.0,0.14248223451507988,75.56185227691287,1135,0.06657431918670738,-40.53462604452609,965,0.04200479382852445,13,3,0,16,0.8125
2010,BAL,51.41137439956617,543.0,0.09468024751301321,28.943459863868924,1038,0.02788387270122247,-50.22418285950947,1030,0.04876134258204803,12,4,0,16,0.75
2010,BUF,-60.513577746818,580.0,-0.10433375473589311,-102.98866433912747,976,-0.10552117247861421,69.25980670730362,1094,-0.06330878126810204,4,12,0,16,0.25
2010,CAR,-162.5020503258354,548.0,-0.296536588185831,-245.3341752006292,986,-0.24881762190733184,-24.35416251438585,1088,0.022384340546310524,2,14,0,16,0.125
2010,CHI,-40.0808983583632,552.0,-0.07261032311297681,-93.28219946184035,960,-0.09716895777275036,-108.54162343400331,1022,0.10620511099217546,11,5,0,16,0.6875
2010,CIN,20.367042464798523,628.0,0.03243159628152631,-45.2743883798165,1074,-0.042154924003553536,21.65391068962844,974,-0.022231941159782793,4,12,0,16,0.25
2010,CLE,-41.17906380217221,531.0,-0.07755002599279136,-72.70265446312096,943,-0.07709719455262032,20.114329395798954,1054,-0.01908380398083392,5,11,0,16,0.3125
2010,DAL,39.0316264994557,637.0,0.061274138931641596,-2.2009894023116425,1062,-0.002072494729107008,22.525108004538914,1005,-0.022413042790585983,6,10,0,16,0.375
2010,DEN,45.17025459166754,642.0,0.07035865201194322,-17.67373868633326,1050,-0.016832132082222152,131.8116780875797,1085,-0.12148541759223937,4,12,0,16,0.25
2010,DET,12.451497228294512,681.0,0.018284136899110882,-47.42836951413315,1093,-0.04339283578603216,-28.00108432811156,1042,0.02687244177361954,6,10,0,16,0.375
2010,GB,110.32610910321162,619.0,0.17823280953669082,77.21603206745878,1020,0.07570199222299881,-114.07431589812255,1005,0.11350678198818163,10,6,0,16,0.625
2010,HOU,79.30405628925567,608.0,0.1304343031073284,112.75883363510879,1054,0.10698181559308234,146.3416369410569,1037,-0.14112018991423037,6,10,0,16,0.375
2010,IND,115.27494349525183,696.0,0.165624918815017,104.83271730604267,1106,0.0947854586853912,11.06482215543025,1016,-0.010890572987628199,10,6,0,16,0.625
2010,JAX,-6.857647679216841,535.0,-0.012818033045265123,20.431252565685213,1052,0.01942134274304678,118.86093657306077,974,-0.12203381578342995,8,8,0,16,0.5
2010,KC,43.31203846934897,524.0,0.08265656196440643,37.061291156357214,1088,0.03406368672459303,-31.178394218839923,1051,0.029665455964643123,10,6,0,16,0.625
2010,LAC,157.16392354296195,594.0,0.2645857298703063,101.47199063934684,1062,0.09554801378469571,-104.83692691655328,960,0.109205132204743,9,7,0,16,0.5625
2010,LAR,-52.83080712228713,637.0,-0.08293690286073334,-105.49321189127903,1080,-0.09767889989933244,-60.74481308667206,1044,0.05818468686462841,7,9,0,16,0.4375
2010,LV,-11.118939915865454,567.0,-0.01961012330840468,-9.459279214608502,1076,-0.008791151686439128,-10.263879066614319,1035,0.009916791368709486,8,8,0,16,0.5
2010,MIA,-19.971893978335164,618.0,-0.0323169805474679,-75.18866715335574,1060,-0.07093270486165636,-26.821230724474713,1001,0.026794436288186528,7,9,0,16,0.4375
2010,MIN,-80.1088758169614,564.0,-0.14203701385986064,-114.14867702982168,1021,-0.11180085899101047,-54.280849087508486,988,0.05494013065537296,6,10,0,16,0.375
2010,NE,147.78505066590344,538.0,0.2746934027247276,191.77328459992043,1005,0.19081918865663725,-18.6375370522711,1092,0.017067341622958882,14,2,0,16,0.875
2010,NO,78.1158092640771,686.0,0.11387144207591414,42.570766571188464,1088,0.039127542804401165,-43.730857744089654,973,0.04494435533822164,11,5,0,16,0.6875
2010,NYG,35.728659415828375,564.0,0.06334868690749712,-6.524716823801384,1057,-0.006172863598676806,-103.16184323501975,996,0.10357614782632504,10,6,0,16,0.625
2010,NYJ,-0.46394452873496883,562.0,-0.0008255240724821509,-20.667056870141263,1109,-0.01863575912546552,-72.09455035187055,1007,0.07159339657583967,11,5,0,16,0.6875
2010,PHI,74.73846988799299,667.0,0.11205167899249324,82.39754250364365,1058,0.07788047495618493,0.6097673668834362,1037,-0.0005880109613147891,10,6,0,16,0.625
2010,PIT,88.04908972188501,532.0,0.16550580774790416,35.28795223775792,1011,0.03490400814812851,-122.89278850808238,1012,0.12143556176687982,12,4,0,16,0.75
2010,SEA,-45.336180480921485,597.0,-0.07594000080556362,-114.81124645261491,981,-0.11703490973762988,39.75960986457846,1084,-0.03667860688614249,7,9,0,16,0.4375
2010,SF,-30.26900819201864,562.0,-0.053859445181527826,-53.810599183623125,970,-0.055474844519199096,-43.80470678481676,1060,0.04132519508001581,6,10,0,16,0.375
2010,TB,84.4460937119181,566.0,0.14919804542741713,45.15355802887674,977,0.04621653841236104,-7.7090895918467215,1007,0.007655501084256923,10,6,0,16,0.625
2010,TEN,17.565667236652814,514.0,0.03417444987675645,-16.289898447473043,939,-0.017348134661845625,1.2907648951786046,1176,-0.001097589196580446,6,10,0,16,0.375
2010,WAS,-44.17922489700019,667.0,-0.0662357194857574,-81.49108280400728,1031,-0.07904081746266467,21.16438927966152,1079,-0.019614818609510212,6,10,0,16,0.375
2011,ARI,-65.57032311771934,629.0,-0.10424534676902916,-78.08198523569004,1015,-0.0769280642716158,-9.765376989243602,1125,0.008680335101549868,8,8,0,16,0.5
2011,ATL,74.71110530419348,629.0,0.1187775918985588,50.53579745666356,1099,0.04598343717621798,-31.651991367798473,981,0.032265026878489776,10,6,0,16,0.625
2011,BAL,42.183805408523604,586.0,0.07198601605550103,43.28393991846144,1059,0.040872464512239325,-129.55200388222573,1031,0.12565664780041294,12,4,0,16,0.75
2011,BUF,-15.86811574031816,626.0,-0.025348427700188754,-0.5931175774121478,1027,-0.0005775244181228313,58.71066662591646,1019,-0.05761596332278357,6,10,0,16,0.375
2011,CAR,50.140098577353896,601.0,0.083427784654499,104.79309541845488,1029,0.10183974287507763,110.55300006740634,1006,-0.10989363823797847,6,10,0,16,0.375
2011,CHI,-66.32799324227673,547.0,-0.12125775729849494,-109.84245679689703,998,-0.11006258196081867,-77.92232995160624,1077,0.0723512812921135,8,8,0,16,0.5
2011,CIN,-10.186711267071336,585.0,-0.017413181653113396,-31.453997151994443,1058,-0.02972967594706469,-48.375494578292475,1024,0.047241693924113745,9,7,0,16,0.5625
2011,CLE,-43.592330044620816,650.0,-0.06706512314557049,-95.79171893073536,1049,-0.09131717724569624,8.679018409549935,1056,-0.008218767433285923,4,12,0,16,0.25
2011,DAL,81.87554061850744,617.0,0.1326994175340477,48.296611072326385,1032,0.046799041736750376,0.9767508315110285,1001,-0.0009757750564545739,8,8,0,16,0.5
2011,DEN,-61.87876897378106,502.0,-0.1232644800274523,-93.75707723362234,1052,-0.08912269699013531,6.375848808523675,1084,-0.005881779343656527,8,8,0,16,0.5
2011,DET,85.58954919943947,728.0,0.11756806208714214,40.04554391029429,1112,0.036012179775444506,-70.14228522651094,1091,0.06429173714620617,10,6,0,16,0.625
2011,GB,255.8453891114448,634.0,0.40354162320417164,226.96283669441382,985,0.23041912354762825,36.407881339637655,1065,-0.03418580407477714,15,1,0,16,0.9375
2011,HOU,57.4154506522663,505.0,0.11369396168765604,25.829718417587532,1063,0.024298888445519785,-106.63045248715896,986,0.10814447513910645,10,6,0,16,0.625
2011,IND,-74.09879863820558,576.0,-0.12864374763577358,-125.19933542784304,968,-0.12933815643372215,55.36379789435787,1082,-0.05116802023508121,2,14,0,16,0.125
2011,JAX,-133.45593015554599,536.0,-0.24898494432004847,-177.14092481961652,1026,-0.17265197350839817,-70.39495748331393,993,0.07089119585429399,5,11,0,16,0.3125
2011,KC,-30.02370978676701,552.0,-0.0543907785992156,-98.58177598941272,1043,-0.09451752252100931,-15.09753251396769,1029,0.01467204325944382,7,9,0,16,0.4375
2011,LAC,108.11139013659727,619.0,0.1746549113676854,94.18513462216241,1078,0.08737025475154213,61.009464768820564,982,-0.062127764530367176,8,8,0,16,0.5
2011,LAR,-136.60081787993613,615.0,-0.2221151510242864,-188.4568419594453,1047,-0.17999698372439857,39.11721491080792,1048,-0.03732558674695412,2,14,0,16,0.125
2011,LV,23.01417790795109,566.0,0.04066109171016094,20.04678858529342,1050,0.01909217960504135,81.16399913972673,1102,-0.07365154186908052,8,8,0,16,0.5
2011,MIA,-0.8760724131717247,545.0,-0.001607472317746284,-33.24475822728288,1011,-0.032883044735195724,-21.72531064657842,1080,0.020116028376461502,6,10,0,16,0.375
2011,MIN,-43.05428192574873,597.0,-0.07211772516875835,-55.73278022452013,1032,-0.054004632000503996,43.0448682701306,1053,-0.04087831744551814,3,13,0,16,0.1875
2011,NE,199.9174408354548,656.0,0.3047521963955104,215.46154526105028,1117,0.19289305753003605,71.25373524473508,1104,-0.06454142685211511,13,3,0,16,0.8125
2011,NO,216.37280629074743,699.0,0.3095462178694527,227.17245439727566,1147,0.19805793757391077,-8.88506690846198,1064,0.008350626793667274,13,3,0,16,0.8125
2011,NYG,82.40313875881783,627.0,0.13142446373017197,52.021466200012746,1051,0.04949711341580661,67.86182347747122,1086,-0.06248786692216503,9,7,0,16,0.5625
2011,NYJ,-63.81008643356971,601.0,-0.10617318874138054,-77.05090781416793,1074,-0.071741999826972,-92.48309220005812,1011,0.09147684688433048,8,8,0,16,0.5
2011,PHI,54.20124545961321,646.0,0.08390285674862727,56.282367964221606,1053,0.05344954222623134,-42.114149169751364,1016,0.04145093422219622,8,8,0,16,0.5
2011,PIT,76.19649301355392,594.0,0.1282769242652423,56.99636725617652,1044,0.054594221509747624,-72.1445470295797,995,0.07250708244178865,12,4,0,16,0.75
2011,SEA,-33.66105014211634,581.0,-0.05793640299847907,-71.15709025318941,1031,-0.06901754631735152,-66.70050460020177,1079,0.061816964411679116,7,9,0,16,0.4375
2011,SF,30.65443235980058,521.0,0.058837682072553896,-9.2308033349978,1004,-0.009194027226093426,-119.28286939122579,1000,0.11928286939122579,13,3,0,16,0.8125
2011,TB,-58.40201584950716,652.0,-0.0895736439409619,-106.39893515372155,995,-0.1069336031695694,132.37706282806036,1029,-0.12864631956079725,4,12,0,16,0.25
2011,TEN,9.4398654596381,618.0,0.015274863203297896,-46.176468088259426,1006,-0.04590106171795172,-12.271442889823506,1108,0.011075309467349734,9,7,0,16,0.5625
2011,WAS,-41.31549255065595,644.0,-0.06415449153828563,-61.65723525515798,1063,-0.05800304351378926,24.60973239957177,1011,-0.024341970721633795,5,11,0,16,0.3125
2012,ARI,-186.3626224463977,676.0,-0.27568435273135755,-271.70155567628296,1050,-0.2587633863583647,-100.51472711859455,1060,0.09482521426282504,5,11,0,16,0.3125
2012,ATL,147.65750264009472,664.0,0.22237575698809445,94.80065532626155,1046,0.09063160165034564,-39.4748887632816,1017,0.03881503319890029,13,3,0,16,0.8125
2012,BAL,16.59956034672489,608.0,0.027301908465008042,27.246668857998465,1078,0.025275203022262025,-8.730923132224788,1131,0.007719649100110334,10,6,0,16,0.625
2012,BUF,-9.684919099897533,571.0,-0.0169613294218871,-6.571983378039768,1000,-0.006571983378039768,77.74726287476965,1075,-0.07232303523234386,6,10,0,16,0.375
2012,CAR,78.53785931980036,559.0,0.14049706497280923,82.96715959524835,1018,0.08150015677332843,16.695758439526013,1037,-0.016100056354412744,7,9,0,16,0.4375
2012,CHI,-19.151302810084047,558.0,-0.034321331200867465,-42.01408794202754,1027,-0.04090953061541143,-147.98688623724206,1040,0.14229508292042506,10,6,0,16,0.625
2012,CIN,-1.2002009850712057,602.0,-0.0019936893439721024,-2.0143382308226063,1038,-0.0019405955980949965,-60.58556884659501,1054,0.0574815643705835,10,6,0,16,0.625
2012,CLE,-47.8296681136023,617.0,-0.07751972141588703,-69.31270550311876,1022,-0.06782065117721993,24.936252365797476,1140,-0.021873905584032873,5,11,0,16,0.3125
2012,DAL,87.7254813030081,703.0,0.12478731337554494,46.94112413143588,1080,0.043464003825403594,77.81620362462897,1018,-0.07644027860965517,8,8,0,16,0.5
2012,DEN,151.00922165598428,612.0,0.24674709420912463,125.53740813643459,1114,0.11269067157669173,-95.15235994126535,1055,0.09019181037086763,13,3,0,16,0.8125
2012,DET,28.220203036630046,784.0,0.0359951569344771,-4.969272798299748,1189,-0.004179371571320226,44.068928618622145,1015,-0.04341766366366714,4,12,0,16,0.25
2012,GB,128.141384896168,644.0,0.19897730573939132,110.10441698732653,1083,0.10166612833548157,3.6697950473063523,1079,-0.0034011075507936537,11,5,0,16,0.6875
2012,HOU,79.76929994878083,584.0,0.1365912670355836,76.29827364299759,1108,0.06886125780053934,-83.60918998878374,1054,0.07932560719998458,12,4,0,16,0.75
2012,IND,40.31862468602403,696.0,0.057929058456931075,39.47454860522455,1140,0.034626797022126794,82.06713318696998,1042,-0.07875924490112282,11,5,0,16,0.6875
2012,JAX,-85.79572550867277,658.0,-0.1303886405906881,-120.77881279782622,1047,-0.11535703228063632,109.54639906116189,1120,-0.0978092848760374,2,14,0,16,0.125
2012,KC,-113.18874341407968,537.0,-0.21077978289400312,-136.69657087763764,1039,-0.1315655157628851,105.44062732853743,982,-0.10737334758506867,2,14,0,16,0.125
2012,LAC,-7.172359906117328,585.0,-0.012260444283961244,-44.122766757602676,1017,-0.043385218050740096,-25.856768511799476,1047,0.024696053974975624,7,9,0,16,0.4375
2012,LAR,11.025743772666699,608.0,0.018134446994517595,-41.448794586980014,1023,-0.04051690575462367,-24.444706206948446,1064,0.02297434793886132,7,8,1,16,0.46875
2012,LV,1.3305593225156802,664.0,0.0020038544013790366,-66.00487537601319,1072,-0.06157171210448992,91.1896445843247,1012,-0.09010834445091373,4,12,0,16,0.25
2012,MIA,-27.152012626591215,554.0,-0.04901085311659064,-49.65820379000335,1014,-0.048972587564105864,22.900467940850657,1109,-0.020649655492200773,7,9,0,16,0.4375
2012,MIN,-3.255062021949078,555.0,-0.005864976616124465,11.730931639533791,1017,0.011534839370239715,17.11103607611555,1116,-0.015332469602254076,10,6,0,16,0.625
2012,NE,181.86452232108894,670.0,0.2714395855538641,216.01562279205226,1228,0.17590848761567773,-13.686805166369716,1090,0.012556701987495152,12,4,0,16,0.75
2012,NO,99.8417967977405,697.0,0.14324504562086154,101.87518233216625,1090,0.09346347002951032,106.17732012947079,1122,-0.09463219262876184,7,9,0,16,0.4375
2012,NYG,56.02637700490858,568.0,0.09863798768469821,86.90533831145868,1006,0.08638701621417363,26.945845917718042,1030,-0.026161015454095188,9,7,0,16,0.5625
2012,NYJ,-104.89199405194444,554.0,-0.18933572933563977,-108.19865440719438,1070,-0.10112023776373306,-6.8044009943448724,1049,0.006486559575161937,6,10,0,16,0.375
2012,PHI,-15.486251767526305,711.0,-0.021780944820712102,-81.28300917725284,1113,-0.0730305563137941,88.97949162378198,1032,-0.08622043761994379,4,12,0,16,0.25
2012,PIT,48.38468048600307,620.0,0.07803980723548883,-7.457757154546706,1052,-0.00708912277048166,-36.95415312749641,973,0.037979602392082645,8,8,0,16,0.5
2012,SEA,104.98643716073538,488.0,0.2151361417228184,109.55530368004575,1006,0.10890189232608921,-52.48098614780186,991,0.05295760458910379,11,5,0,16,0.6875
2012,SF,86.4797689666682,514.0,0.1682485777561638,104.36947187380625,991,0.10531732782422426,-78.34011237485807,1041,0.07525467086922004,11,4,1,16,0.71875
2012,TB,32.13096733131134,613.0,0.05241593365629908,18.44921723685802,1035,0.017825330663630935,27.963219581451046,1059,-0.0264053064980652,7,9,0,16,0.4375
2012,TEN,-39.742191785463255,616.0,-0.06451654510627151,-92.39303103027741,988,-0.09351521359339819,55.09560626431036,1108,-0.049725276411832456,6,10,0,16,0.375
2012,WAS,114.6850934073412,513.0,0.22355768695388148,139.27369318829489,1020,0.13654283645911264,43.190080745480465,1059,-0.040783834509424424,10,6,0,16,0.625
2013,ARI,-0.6027870338279062,622.0,-0.0009691109868615855,-21.163044595525022,1059,-0.019983989230901816,-93.73586346481132,1068,0.08776766242023532,10,6,0,16,0.625
2013,ATL,28.079928530864876,710.0,0.039549195113894195,7.375875600532156,1070,0.006893341682740333,98.91541229420274,1028,-0.09622121818502212,4,12,0,16,0.25
2013,BAL,-24.02105079191357,685.0,-0.03506722743345047,-108.33366270333566,1124,-0.09638226219157978,-29.61450224298658,1058,0.027991022913975972,8,8,0,16,0.5
2013,BUF,-81.56501182369328,607.0,-0.13437398982486537,-86.79957861975095,1141,-0.07607325032405868,-81.2349610281181,1128,0.0720168094220905,6,10,0,16,0.375
2013,CAR,64.55273424003177,551.0,0.11715559753181809,50.50420904910061,1011,0.049954707269140065,-93.70637153861637,1000,0.09370637153861637,12,4,0,16,0.75
2013,CHI,100.64849219102643,630.0,0.15975951141432768,79.96157906621141,1038,0.07703427655704376,87.17915733061028,1029,-0.08472221314928113,8,8,0,16,0.5
2013,CIN,57.54149986324822,642.0,0.0896285044598882,33.997765150684536,1111,0.030601048740490133,-106.45160360721471,1063,0.1001426186333158,11,5,0,16,0.6875
2013,CLE,-60.47287581060893,750.0,-0.0806305010808119,-82.33936929830749,1101,-0.07478598483043368,10.426819858048297,1122,-0.00929306582713752,4,12,0,16,0.25
2013,DAL,47.18882948700479,632.0,0.07466586944146328,60.84621243944956,983,0.061898486713580426,79.93300481823073,1122,-0.07124153727115039,8,8,0,16,0.5
2013,DEN,249.87448652988763,696.0,0.3590150668532868,242.4493759228532,1182,0.20511791533236312,-6.203942610343991,1122,0.005529360615279849,13,3,0,16,0.8125
2013,DET,47.69060028518611,670.0,0.07118000042565091,-4.628508654979655,1117,-0.004143696199623684,-11.278607545193498,1004,0.011233672853778385,7,9,0,16,0.4375
2013,GB,59.43156922693883,648.0,0.0917153846094735,79.62315034234801,1102,0.07225331247037024,80.09168926190921,1039,-0.0770853602135796,8,7,1,16,0.53125
2013,HOU,-87.6477309175846,681.0,-0.12870445068661468,-122.3866639979562,1117,-0.10956729095609329,40.666302574513495,1005,-0.04046398266120746,2,14,0,16,0.125
2013,IND,52.97339810848683,663.0,0.07989954465835118,49.47183888096939,1049,0.047160952222087126,18.219026851297787,1047,-0.017401171777743828,11,5,0,16,0.6875
2013,JAX,-107.46682015864937,661.0,-0.16258217875741204,-164.9105106999845,1057,-0.15601751248815943,91.21846991147615,1100,-0.08292588173770558,4,12,0,16,0.25
2013,KC,41.57007862635255,631.0,0.0658796808658519,23.9132022636112,1056,0.02264507790114697,-54.53051821301683,1103,0.04943836646692369,11,5,0,16,0.6875
2013,LAC,162.69155024105808,587.0,0.2771576665094686,156.41355124899036,1106,0.14142274073145603,94.12712239507213,990,-0.09507790140916378,9,7,0,16,0.5625
2013,LAR,-37.61144442922666,559.0,-0.06728344262831244,-63.49291891080511,988,-0.06426408796640193,-14.812444844804642,1052,0.014080270765023424,7,9,0,16,0.4375
2013,LV,-28.48061304077354,600.0,-0.04746768840128923,-58.44822937730787,1030,-0.05674585376437657,83.99894155980407,1059,-0.07931911384306332,4,12,0,16,0.25
2013,MIA,1.7939841925587574,663.0,0.002705858510646693,-40.59682763333481,1015,-0.0399968745156008,2.1580255633084873,1124,-0.001919951568779793,8,8,0,16,0.5
2013,MIN,-46.29602598734584,627.0,-0.07383736202128524,-17.681221563617797,1032,-0.017132966631412595,91.185074693009,1147,-0.07949875736094943,5,10,1,16,0.34375
2013,NE,71.91258374911365,669.0,0.1074926513439666,72.15465754092295,1173,0.06151292202977234,0.46902501983142453,1141,-0.00041106487277074895,12,4,0,16,0.75
2013,NO,153.05374924547945,699.0,0.21896101465733828,126.26304396461829,1102,0.11457626494066996,-32.68229900302394,967,0.033797620478825174,11,5,0,16,0.6875
2013,NYG,-72.69045106482008,613.0,-0.11858148623951073,-144.4748079837446,1018,-0.14192024359896327,-71.90389500330377,1115,0.06448779820924105,7,9,0,16,0.4375
2013,NYJ,-62.01551557685244,561.0,-0.11054459104608277,-109.16340584334316,1043,-0.10466290109620628,2.143277700973962,1090,-0.0019663098174073045,8,8,0,16,0.5
2013,PHI,102.49646460202717,593.0,0.17284395379768494,107.74784849818795,1076,0.10013740566746092,3.4113276440898783,1185,-0.0028787575055610787,10,6,0,16,0.625
2013,PIT,60.518822475699984,638.0,0.09485708851990593,-1.4855167949549868,1035,-0.0014352819274927409,-2.59781948872262,1058,0.0024554059439722306,8,8,0,16,0.5
2013,SEA,94.78205048080285,514.0,0.18440087642179542,58.593644880058605,993,0.0590066917221134,-155.2736983988285,1027,0.15119152716536366,13,3,0,16,0.8125
2013,SF,74.8875658006482,503.0,0.1488818405579487,33.18628021651193,975,0.03403721047847378,-82.42010911363866,1053,0.07827170855996074,12,4,0,16,0.75
2013,TB,-50.695214547332135,574.0,-0.08831918910685041,-91.44588605961083,1031,-0.08869630073677093,20.448965591918025,1039,-0.019681391330046222,4,12,0,16,0.25
2013,TEN,65.6021536232436,609.0,0.10772110611370049,21.587572856459442,1063,0.020308158848974075,17.03655474994335,1048,-0.016256254532388693,7,9,0,16,0.4375
2013,WAS,-38.87813875508548,693.0,-0.05610121032479867,-65.5909212515831,1135,-0.057789357930910216,35.967172217752406,1000,-0.035967172217752405,3,13,0,16,0.1875
2014,ARI,12.074155143935819,613.0,0.019696827314740324,-24.845775903645055,1037,-0.02395928245288819,-52.37319972794717,1045,0.050117894476504464,11,5,0,16,0.6875
2014,ATL,60.73873934385306,683.0,0.08892934018133684,7.339049427734922,1070,0.006858924698817684,77.46166240612719,1061,-0.07300816437900771,6,10,0,16,0.375
2014,BAL,60.05063664877469,577.0,0.10407389367205319,72.11476814307082,1048,0.06881180166323551,-36.68046900778436,1074,0.03415313687875639,10,6,0,16,0.625
2014,BUF,-24.412063935523303,631.0,-0.03868789847151078,-79.85433894803003,1045,-0.07641563535696654,-109.08242087157083,1074,0.10156649988041977,9,7,0,16,0.5625
2014,CAR,29.569723871502095,619.0,0.04777015165024571,-7.470096681066703,1091,-0.006847018039474522,4.558958060542736,1010,-0.004513819861923501,7,8,1,16,0.46875
2014,CHI,-37.187431611249835,675.0,-0.05509249127592568,-57.408418387190146,1043,-0.05504162836739228,81.07896345564203,1027,-0.0789473840853379,5,11,0,16,0.3125
2014,CIN,-15.026316187814572,545.0,-0.027571222362962517,-19.62355250498027,1052,-0.018653567019943224,-12.17596892996286,1108,0.010989141633540487,10,5,1,16,0.65625
2014,CLE,-24.289016477782297,550.0,-0.04416184814142236,-72.42104717042108,1045,-0.06930243748365653,-38.234660024368665,1146,0.03336357768269517,7,9,0,16,0.4375
2014,DAL,135.3498435605158,516.0,0.26230589837309265,122.68967127946844,1045,0.11740638399949133,0.922257809536718,1015,-0.0009086283837800177,12,4,0,16,0.75
2014,DEN,116.35442833884352,627.0,0.18557325093914437,92.29632663260774,1107,0.08337518214327709,-60.317262753948576,1071,0.05631863935942911,12,4,0,16,0.75
2014,DET,39.5676877135941,665.0,0.05950028227608135,-6.626572824785232,1071,-0.00618727621361833,-104.91370798639356,1032,0.10166056975425733,11,5,0,16,0.6875
2014,GB,176.45942980578047,594.0,0.29706974714777856,145.89091928411443,1028,0.14191723665769887,-42.810104012678934,1081,0.03960231638545692,12,4,0,16,0.75
2014,HOU,17.754172005708377,543.0,0.03269644936594544,-34.35505769654309,1092,-0.031460675546284886,-127.3013749621953,1111,0.11458269573554933,9,7,0,16,0.5625
2014,IND,89.5605473429631,729.0,0.12285397440735679,32.86928384618713,1132,0.029036469828787218,-39.096909919786725,1038,0.037665616493050794,11,5,0,16,0.6875
2014,JAX,-140.56075350909398,652.0,-0.21558397777468402,-165.28725941929272,1029,-0.1606290179001873,10.421510681027206,1103,-0.009448332439734548,3,13,0,16,0.1875
2014,KC,50.3092314787499,580.0,0.08674005427370672,25.538399186678333,998,0.025589578343365064,-30.415748838673316,1049,0.028994994126475993,9,7,0,16,0.5625
2014,LAC,70.21729154344101,630.0,0.11145601832292223,17.804821446010635,1064,0.0167338547424912,6.347358707993493,1044,-0.006079845505740894,9,7,0,16,0.5625
2014,LAR,-53.99545119191505,569.0,-0.09489534480125668,-116.79584449021755,992,-0.11773774646191285,-48.85157011488451,1032,0.04733679274698111,6,10,0,16,0.375
2014,LV,-102.74173566392159,663.0,-0.15496491050365246,-174.3091218312166,1023,-0.17039014841761155,37.94526621059144,1095,-0.03465321115122506,3,13,0,16,0.1875
2014,MIA,20.110849531848327,647.0,0.03108322957009015,20.168887174509063,1079,0.018692203127441208,-6.535251013364033,1047,0.00624188253425409,8,8,0,16,0.5
2014,MIN,-12.774538213473297,603.0,-0.021184972161647258,-34.27238405743458,1006,-0.03406797620023318,12.998126607184181,1064,-0.01221628440524829,7,9,0,16,0.4375
2014,NE,102.12768723759265,647.0,0.1578480482806687,100.51794582661452,1114,0.0902315492159915,-28.16148867392334,1074,0.02622112539471447,12,4,0,16,0.75
2014,NO,73.47766436228568,698.0,0.10526886011788779,75.63070362708659,1124,0.06728710287107348,93.42561089676731,1055,-0.08855508141873679,7,9,0,16,0.4375
2014,NYG,42.19707892888114,642.0,0.06572753727240054,-16.036770183766865,1119,-0.014331340646797914,20.666933513201112,1031,-0.02004552232124259,6,10,0,16,0.375
2014,NYJ,-50.954374380730634,591.0,-0.08621721553423119,-79.5235328807159,1076,-0.0739066290712973,46.40228284829089,997,-0.04654190857401293,4,12,0,16,0.25
2014,PHI,26.83762769969932,672.0,0.039936945981695414,-6.093609358869659,1159,-0.005257643967963467,-30.672325566213924,1148,0.026718053629106207,10,6,0,16,0.625
2014,PIT,144.00872042011753,646.0,0.22292371582061538,127.44208660568516,1083,0.11767505688428916,37.789728069892924,981,-0.0385216392149775,11,5,0,16,0.6875
2014,SEA,68.20021889945899,547.0,0.1246804733079689,94.1042678576338,1040,0.0904848729400325,-107.14087102964976,967,0.1107971779003617,12,4,0,16,0.75
2014,SF,20.103164251937745,588.0,0.03418905485023426,-30.090865719361208,1046,-0.02876755804910249,-18.81455659836426,1033,0.018213510743818256,8,8,0,16,0.5
2014,TB,-40.86389646697973,603.0,-0.06776765583247053,-109.49976680931718,987,-0.11094201297803159,37.35555791179986,1085,-0.034429085632995265,2,14,0,16,0.125
2014,TEN,-58.016835220861736,591.0,-0.0981672338762466,-115.95065586354328,950,-0.1220533219616245,79.33589878565118,1119,-0.07089892652873206,2,14,0,16,0.125
2014,WAS,-42.80211737503149,629.0,-0.06804788135935054,-54.65875251905249,1048,-0.05215529820520276,76.15148115541385,1026,-0.0742217165257445,4,12,0,16,0.25
2015,ARI,133.71111992996484,590.0,0.22662901683044887,141.79330979156245,1065,0.13313925802024643,-97.10382944636662,1024,0.0948279584437174,13,3,0,16,0.8125
2015,ATL,66.06831326129047,668.0,0.09890466057079411,0.05956085121416521,1123,5.303726733229315e-05,15.131020515564382,1027,-0.014733223481562202,8,8,0,16,0.5
2015,BAL,-24.913468286944237,706.0,-0.035288198706719884,-90.28071922492035,1121,-0.08053587798833216,49.787032137543704,1034,-0.04814993436899778,5,11,0,16,0.3125
2015,BUF,51.17780907388173,559.0,0.0915524312591802,26.31124878841819,1053,0.024986940919675394,25.022493547363506,1058,-0.023650750044767018,8,8,0,16,0.5
2015,CAR,87.7901280248873,559.0,0.15704852956151574,80.0890687187218,1080,0.0741565451099276,-132.2495969408548,1087,0.1216647625950826,15,1,0,16,0.9375
2015,CHI,16.95072327107652,576.0,0.029428339012285625,-21.74822095996575,1061,-0.020497851988657632,40.2512327348019,1019,-0.03950071907242581,6,10,0,16,0.375
2015,CIN,124.36874669707315,572.0,0.21742787884103698,78.42767941845658,1036,0.07570239326105847,-63.82911583343292,1071,0.05959768051674409,12,4,0,16,0.75
2015,CLE,-37.552939416180195,706.0,-0.05319113231753569,-80.38422293972882,1093,-0.07354457725501264,88.95457763423356,1026,-0.08670036806455513,3,13,0,16,0.1875
2015,DAL,-59.35936622439643,578.0,-0.10269786544013224,-73.41386239264621,1011,-0.0726150963329834,50.213091165641266,1035,-0.04851506392815581,4,12,0,16,0.25
2015,DEN,-38.525896627475944,656.0,-0.05872850095651821,-75.65178805097707,1090,-0.06940531013851108,-139.84261113989018,1074,0.13020727294216963,12,4,0,16,0.75
2015,DET,18.00646536753627,703.0,0.02561374874471731,-19.824360636246247,1063,-0.01864944556561265,44.92666772123826,1025,-0.04383089533779343,7,9,0,16,0.4375
2015,GB,12.33812410461151,665.0,0.01855357008212257,2.6347585094227783,1124,0.0023440912005540733,-47.12138464817303,1039,0.04535263200016653,10,6,0,16,0.625
2015,HOU,5.159969331217685,667.0,0.007736085953849602,-63.410154343778096,1157,-0.05480566494708565,-104.36760680817783,1025,0.10182205542261251,9,7,0,16,0.5625
2015,IND,-19.150051403180786,690.0,-0.027753697685769255,-88.874745883293,1077,-0.08252065541624234,2.856242411710875,1115,-0.0025616523871846413,8,8,0,16,0.5
2015,JAX,14.791154509017666,687.0,0.02153006478750752,-53.828188402692035,1045,-0.051510228136547404,53.45703315458235,1132,-0.04722352752171585,5,11,0,16,0.3125
2015,KC,35.689125839031625,577.0,0.06185290440040143,31.97395429416809,982,0.0325600349227781,-103.96769092144197,1075,0.09671413108971347,11,5,0,16,0.6875
2015,LAC,56.81442911636114,718.0,0.07912873135983446,-20.876955161960577,1157,-0.018044040762282262,42.087936520809855,986,-0.04268553399676456,4,12,0,16,0.25
2015,LAR,-96.72451641533426,497.0,-0.19461673323004883,-137.71422488945717,944,-0.14588371280662835,-79.81527935088292,1129,0.07069555301229664,7,9,0,16,0.4375
2015,LV,-6.339294783140094,657.0,-0.009648850507062547,-42.231161166561215,1035,-0.040803054267208906,14.368660212957456,1134,-0.012670776201902519,7,9,0,16,0.4375
2015,MIA,0.4407217759932811,639.0,0.0006897054397390941,-32.473165392497094,1017,-0.03193034945181622,59.14508402108161,1134,-0.052156158748749216,6,10,0,16,0.375
2015,MIN,7.620615823602781,527.0,0.014460371581788957,21.885187519621088,1007,0.02173305612673395,-35.434230315064546,1055,0.033586948165937956,11,5,0,16,0.6875
2015,NE,119.9542317703267,672.0,0.17850332108679567,97.11552239905124,1091,0.0890151442704411,-50.484887302948735,1085,0.046529850048800676,12,4,0,16,0.75
2015,NO,103.54043283777685,702.0,0.1474934940709072,90.69415703442925,1134,0.07997721078873832,149.6345392010687,1047,-0.14291742044037123,7,9,0,16,0.4375
2015,NYG,55.9727820268534,657.0,0.08519449319155768,27.78212191210973,1099,0.025279455788998845,72.03144339157106,1135,-0.0634638267767146,6,10,0,16,0.375
2015,NYJ,77.88206570888656,659.0,0.11818219379193712,27.123435286394066,1094,0.024792902455570445,-102.09873565631459,1039,0.09826634808114974,10,6,0,16,0.625
2015,PHI,-13.577651217466501,671.0,-0.02023494965345231,-50.439298169287284,1143,-0.0441288697894027,32.021025881975206,1181,-0.027113485082112792,7,9,0,16,0.4375
2015,PIT,64.54612166645514,647.0,0.09976216640874055,80.74199260175168,1042,0.07748751689227608,-49.025195916441064,1090,0.044977243960037674,10,6,0,16,0.625
2015,SEA,143.23990644274406,592.0,0.24195930142355415,110.3373236434118,1048,0.10528370576661432,-78.08417631454682,981,0.07959651000463489,10,6,0,16,0.625
2015,SF,-42.93555783961566,628.0,-0.06836872267454723,-90.55589606154955,994,-0.09110251112831946,69.23029858240706,1107,-0.06253866177272543,5,11,0,16,0.3125
2015,TB,53.37926377148873,597.0,0.08941250212979687,8.219729033470706,1072,0.007667657680476405,50.67020942997266,1068,-0.047444016320199116,6,10,0,16,0.375
2015,TEN,-50.91532862425964,620.0,-0.08212149778106392,-104.8530973940051,1016,-0.10320186751378455,21.55594420163677,1033,-0.0208673225572476,3,13,0,16,0.1875
2015,WAS,100.13203863200077,589.0,0.17000346117487397,22.819581863703718,1048,0.021774410175289808,3.5283787247176157,1052,-0.0033539721717848058,9,7,0,16,0.5625
2016,ARI,9.804531370374605,692.0,0.014168397934067347,-5.483457799434716,1138,-0.0048185042174294515,-95.3474886010012,1065,0.08952815831079926,7,8,1,16,0.46875
2016,ATL,177.79284732941173,594.0,0.2993145577936224,200.67110687948673,1022,0.1963513765944097,51.930734685836995,1087,-0.04777436493637258,11,5,0,16,0.6875
2016,BAL,-31.42717208374905,718.0,-0.0437704346570321,-67.1241885759802,1113,-0.0603092440035761,-37.20567616117667,1030,0.036122015690462785,8,8,0,16,0.5
2016,BUF,43.802439427237346,571.0,0.07671180284980271,58.48488403859241,1053,0.05554120041651701,22.68612305267466,1054,-0.021523835913353568,7,9,0,16,0.4375
2016,CAR,-37.663937400255655,613.0,-0.06144198597105327,-52.03450468525601,1093,-0.0476070491173431,-3.60823178368565,1050,0.003436411222557762,6,10,0,16,0.375
2016,CHI,-1.6522020465130005,590.0,-0.00280034245171695,-42.25460591812623,1003,-0.04212822125436314,72.56729719838505,1053,-0.06891481215421182,3,13,0,16,0.1875
2016,CIN,59.35377526015179,624.0,0.09511822958357659,55.52795348623796,1076,0.05160590472698695,21.382584367883766,1072,-0.019946440641682616,6,9,1,16,0.40625
2016,CLE,-29.603007184443772,660.0,-0.04485304118855117,-50.862744633555735,1021,-0.04981659611513784,148.80359983230326,1097,-0.13564594332935576,1,15,0,16,0.0625
2016,DAL,118.40928795831353,539.0,0.21968328007108262,130.6994480463133,1039,0.12579350148827076,15.667886306626063,1042,-0.015036359219410808,13,3,0,16,0.8125
2016,DEN,-13.218133067564136,630.0,-0.020981163599308152,-62.00681717451703,1059,-0.05855223529227293,-133.79464774448994,1123,0.11914038089447011,9,7,0,16,0.5625
2016,DET,94.84835910622382,655.0,0.14480665512400584,55.12111460718127,1023,0.05388183246058775,106.94935951572587,1008,-0.10610055507512488,9,7,0,16,0.5625
2016,GB,149.24638672086988,698.0,0.21382003828204854,135.18554248741103,1062,0.12729335450791998,62.73638300920587,1014,-0.06187020020631743,10,6,0,16,0.625
2016,HOU,-45.51659057026636,630.0,-0.07224855646074026,-86.79241582342719,1105,-0.07854517269088433,-52.922435948101885,998,0.05302849293396982,9,7,0,16,0.5625
2016,IND,72.01716086781272,669.0,0.10764896990704442,48.438151999653385,1071,0.04522703267941493,77.85756660648144,1061,-0.07338130688641041,8,8,0,16,0.5
2016,JAX,-20.181527444198817,696.0,-0.02899644747729715,-66.50624342502212,1106,-0.060132227328229766,-16.89004183819947,1056,0.015994357801325253,3,13,0,16,0.1875
2016,KC,49.19088863141834,600.0,0.08198481438569723,12.302579226289343,1000,0.012302579226289342,-25.90093373230093,1101,0.023524917104723826,12,4,0,16,0.75
2016,LAC,38.036394560705546,623.0,0.06105360282617263,11.290475398205178,1058,0.01067152684140376,-17.771189564190237,1053,0.01687672323284923,5,11,0,16,0.3125
2016,LAR,-158.16662250916204,595.0,-0.2658262563179194,-201.67816939309785,995,-0.2026916275307516,22.09468671687201,1071,-0.020629959586248373,4,12,0,16,0.25
2016,LV,62.02364311879118,635.0,0.09767502853352941,46.95136676230871,1090,0.043074648405787806,44.60932896192749,1032,-0.04322609395535609,12,4,0,16,0.75
2016,MIA,34.90721985050662,520.0,0.06712926894328196,-3.5024363834942855,939,-0.0037299641996744255,15.240485957261667,1130,-0.013487155714390856,10,6,0,16,0.625
2016,MIN,44.66147810330596,635.0,0.07033303638315899,-43.89064197413157,1034,-0.04244742937536902,-91.08333249807502,1027,0.0886887366096154,8,8,0,16,0.5
2016,NE,154.64553905367092,594.0,0.2603460253428803,140.32462938568554,1096,0.12803342097234083,-44.980411092554625,1035,0.043459334388941666,14,2,0,16,0.875
2016,NO,103.78936860402797,699.0,0.14848264464095562,112.99636068838988,1128,0.10017407862445912,88.30397980783151,1027,-0.08598245356166652,7,9,0,16,0.4375
2016,NYG,-23.478619529785465,623.0,-0.037686387688259174,-77.2178378138413,1043,-0.07403436032007794,-93.05853880003708,1096,0.08490742591244259,11,5,0,16,0.6875
2016,NYJ,-67.48157382017901,608.0,-0.11098943062529443,-71.97427410113255,1036,-0.06947323754935575,47.14455263626492,1010,-0.046677774887391006,5,11,0,16,0.3125
2016,PHI,25.55425182832658,662.0,0.03860158886454167,-18.832261347183803,1114,-0.016905081999267327,-27.920558640770654,1000,0.027920558640770653,7,9,0,16,0.4375
2016,PIT,94.2289179166162,625.0,0.1507662686665859,89.5419752117198,1056,0.08479353713231041,14.138188623728313,1038,-0.01362060561052824,11,5,0,16,0.6875
2016,SEA,55.73629028592321,643.0,0.08668163341512164,23.24536335743959,1041,0.02232983992069125,-55.24775462604102,1065,0.05187582593994462,10,5,1,16,0.65625
2016,SF,-24.003441404855252,589.0,-0.040752871655102295,-91.5538087903095,1025,-0.08932078906371659,99.48653727935448,1129,-0.08811916499499954,2,14,0,16,0.125
2016,TB,74.91809741753069,647.0,0.11579304083080477,-5.416737873520026,1112,-0.004871167152446066,3.7129561613223627,1046,-0.003549671282334955,9,7,0,16,0.5625
2016,TEN,46.33889052532198,557.0,0.08319369932732851,38.60746012913462,1044,0.03698032579419025,37.60960271619493,1075,-0.034985676945297604,9,7,0,16,0.5625
2016,WAS,115.14598833230386,638.0,0.18047960553652642,123.31943901026334,1041,0.11846247743541147,78.38609259702571,1091,-0.07184793088636637,8,7,1,16,0.53125
2017,ARI,-92.92669003784623,667.0,-0.13932037486933468,-142.29831393673905,1103,-0.12901025742224756,-93.8663716107116,1045,0.08982427905331253,8,8,0,16,0.5
2017,ATL,90.83611079795548,568.0,0.15992273027809065,47.583304706813834,1012,0.04701907579724687,-10.37700997483888,1032,0.010055242223681086,10,6,0,16,0.625
2017,BAL,-46.19728820288201,599.0,-0.07712402037209017,-55.812228303428114,1065,-0.05240584817223297,-121.8792273216162,1080,0.11285113640890389,9,7,0,16,0.5625
2017,BUF,-13.162973790461244,565.0,-0.02329729874417919,-73.38564435060604,1033,-0.07104128204318107,17.89231267379825,1084,-0.016505823499813884,9,7,0,16,0.5625
2017,CAR,3.4361976493672306,567.0,0.0060603133145806535,-19.151901916678693,1045,-0.018327178867635113,-58.39089465930539,979,0.059643406189280275,11,5,0,16,0.6875
2017,CHI,-57.02476248121805,533.0,-0.10698829733812017,-109.8739738022254,981,-0.1120020120308108,-53.12802728334063,1040,0.05108464161859676,5,11,0,16,0.3125
2017,CIN,-45.45966939426837,560.0,-0.08117798106119352,-82.81870736636127,943,-0.08782471618914238,-22.160714361467242,1137,0.019490513950279016,7,9,0,16,0.4375
2017,CLE,-142.48133275879974,673.0,-0.21171074704130718,-155.07889126803806,1063,-0.14588795039326252,16.66430228126743,1046,-0.015931455335819723,0,16,0,16,0.0
2017,DAL,-24.54039583798311,558.0,-0.04397920401072242,8.047699083768666,1054,0.00763538812501771,22.087091755879623,1027,-0.02150641845752641,9,7,0,16,0.5625
2017,DEN,-92.95460992403245,658.0,-0.14126840413986694,-132.56879183174837,1112,-0.1192165394170399,-84.7494374570269,974,0.08701174276902146,5,11,0,16,0.3125
2017,DET,33.10280600163067,638.0,0.05188527586462487,-47.41857683370034,1029,-0.04608219323002949,-54.044562999623594,1073,0.05036771947774799,9,7,0,16,0.5625
2017,GB,-31.78736096873613,652.0,-0.04875362111769345,-23.70421517715006,1036,-0.022880516580260676,42.715849699044014,1035,-0.0412713523662261,7,9,0,16,0.4375
2017,HOU,-38.49756111686504,605.0,-0.06363233242457032,-56.889532397756014,1084,-0.05248111844811441,31.512847027683716,1002,-0.03144994713341688,4,12,0,16,0.25
2017,IND,-74.70910668393432,582.0,-0.12836616268717238,-108.85326605805359,1016,-0.10713904139572204,68.3284706261826,1054,-0.0648277709925831,4,12,0,16,0.25
2017,JAX,40.75747416268754,579.0,0.07039287420153288,21.590013809045885,1107,0.01950317417257984,-196.25683606196498,1020,0.192408662805848,10,6,0,16,0.625
2017,KC,105.30799574179575,615.0,0.1712325134012939,82.93312228473009,1016,0.08162708886292332,28.016790313601305,1084,-0.025845747521772423,10,6,0,16,0.625
2017,LAC,99.505328991021,602.0,0.16529124417113122,88.54201414801135,1043,0.08489167224162161,-72.55469025863385,1041,0.06969710879791917,9,7,0,16,0.5625
2017,LAR,60.526843808559015,554.0,0.10925423070137007,54.607819097763965,1015,0.0538008069928709,-75.50930140853012,1062,0.07110103710784381,11,5,0,16,0.6875
2017,LV,-10.194415567815355,594.0,-0.01716231577073292,-45.68733286970547,997,-0.045824807291580213,55.64555002154238,1024,-0.05434135744291248,6,10,0,16,0.375
2017,MIA,-67.76319128791359,645.0,-0.10505921129909084,-127.97899935133515,1027,-0.1246144102739388,35.37002888784425,1023,-0.034574808297012954,6,10,0,16,0.375
2017,MIN,70.26717581249655,574.0,0.1224166826001682,28.63744095957173,1091,0.026248800146261898,-133.11738782024196,983,0.1354195196543662,13,3,0,16,0.8125
2017,NE,138.10388819450432,630.0,0.21921252094365765,153.35608088840735,1123,0.13655928841354173,31.06625964634932,1044,-0.029756953684242644,13,3,0,16,0.8125
2017,NO,86.25901479248581,558.0,0.15458604801520756,93.1093438206007,1014,0.09182381047396519,-27.567934584958365,1049,0.026280204561447442,11,5,0,16,0.6875
2017,NYG,-75.5879960304269,654.0,-0.1155779755816925,-113.9794634029741,1073,-0.10622503579028342,12.402473726539837,1081,-0.011473148683200589,3,13,0,16,0.1875
2017,NYJ,-8.516569373114455,574.0,-0.0148372288730217,-74.02728786260887,1014,-0.07300521485464385,12.35702498104155,1103,-0.011203105150536309,5,11,0,16,0.3125
2017,PHI,79.29554074510729,634.0,0.12507183082824494,56.10042578742839,1103,0.05086167342468576,-111.18510450080473,1023,0.10868534164301537,13,3,0,16,0.8125
2017,PIT,91.58439093181627,624.0,0.1467698572625261,82.01470434645958,1078,0.07608043074810722,-38.30914783871516,968,0.039575565949085914,13,3,0,16,0.8125
2017,SEA,38.072317543128264,652.0,0.05839312506614765,-24.26796021108399,1045,-0.023222928431659323,-60.115557031577325,1081,0.05561106108379031,9,7,0,16,0.5625
2017,SF,-15.356384926063924,665.0,-0.023092308159494625,-44.563213180933644,1085,-0.041072085881044836,31.317580044019834,1101,-0.028444668523178777,6,10,0,16,0.375
2017,TB,46.30411662478299,679.0,0.06819457529423122,3.8453870331862587,1073,0.003583771699148424,40.31780155574069,1045,-0.03858162828300544,5,11,0,16,0.3125
2017,TEN,-52.085734584324875,552.0,-0.0943582148266755,-70.0739316406305,1008,-0.06951778932602233,-32.614806953851044,1076,0.03031115887904372,9,7,0,16,0.5625
2017,WAS,6.629619877272873,604.0,0.010976191849789525,-51.43779739254107,1004,-0.05123286592882577,-39.37004430183685,1076,0.03658926050356585,7,9,0,16,0.4375
2018,ARI,-167.20203180647692,563.0,-0.2969840707042219,-223.68371326249556,931,-0.2402617757921542,33.7762537483306,1093,-0.030902336457759014,3,13,0,16,0.1875
2018,ATL,114.74986224222341,681.0,0.16850200035568783,86.8687839847726,1046,0.08304855065465833,94.15232601029396,1072,-0.0878286623230354,7,9,0,16,0.4375
2018,BAL,15.889981977572281,608.0,0.02613483877890178,41.16189107534879,1164,0.03536244937744742,-72.50244960664449,1024,0.07080317344398876,10,6,0,16,0.625
2018,BUF,-94.66351612974353,597.0,-0.1585653536511617,-146.73478206282573,1050,-0.13974741148840544,-76.99930210252553,991,0.07769858940719025,6,10,0,16,0.375
2018,CAR,38.82441683127702,626.0,0.06201983519373326,68.95077501912708,1036,0.06655480214201455,55.21964136725958,982,-0.0562318140196126,7,9,0,16,0.4375
2018,CHI,66.68416543786302,587.0,0.11360164469823342,41.20011383448933,1053,0.0391264138979006,-131.9651231462908,1041,0.1267676495161295,12,4,0,16,0.75
2018,CIN,17.624258136769456,603.0,0.029227625434111868,12.312866968001655,987,0.012475042520771687,115.21291111463222,1103,-0.1044541351900564,6,10,0,16,0.375
2018,CLE,8.818720424371017,643.0,0.013714961779737196,-9.984387436429627,1063,-0.009392650457600777,7.341482786988889,1158,-0.006339795152840146,7,8,1,16,0.46875
2018,DAL,29.43104920710696,612.0,0.048089949684815295,9.094601585702176,1060,0.008579812816700165,-34.197388224261104,1011,0.033825309816282005,10,6,0,16,0.625
2018,DEN,-12.940232223311963,634.0,-0.020410460920050413,-21.0892043258332,1059,-0.019914262819483664,5.934052294643369,1060,-0.005598162542116386,6,10,0,16,0.375
2018,DET,-10.26919420695995,632.0,-0.01624872501101258,-23.835924733108506,1063,-0.022423259391447323,39.076980533871684,969,-0.040327121293985226,6,10,0,16,0.375
2018,GB,57.61278141149235,730.0,0.07892161837190732,57.41844003496144,1063,0.05401546569610672,58.98614705551453,1048,-0.05628449146518562,6,9,1,16,0.40625
2018,HOU,68.82248309198475,621.0,0.11082525457646497,34.24713999758331,1076,0.03182819702377631,-65.12777205828897,1056,0.0616740265703494,11,5,0,16,0.6875
2018,IND,93.89049427314185,684.0,0.13726680449289744,65.34325040312098,1105,0.059134163260742965,-29.25834247980655,1035,0.02826892993218024,10,6,0,16,0.625
2018,JAX,-63.319093199668856,645.0,-0.09816913674367264,-134.54218869480275,1033,-0.13024413232797943,-32.76773634074748,1001,0.03273500133940808,5,11,0,16,0.3125
2018,KC,226.99733107777797,637.0,0.3563537379556954,243.60900829160673,1030,0.23651360028311333,85.66129514224605,1159,-0.0739096593116877,12,4,0,16,0.75
2018,LAC,117.29600661375454,559.0,0.2098318544074321,123.0806109815095,973,0.12649600306424408,-14.068046470410795,1020,0.013792202421971368,12,4,0,16,0.75
2018,LAR,122.80658920531764,622.0,0.19743824631080006,160.24544617031887,1074,0.14920432604312744,-7.150919620713472,1003,0.00712953102763058,13,3,0,16,0.8125
2018,LV,-3.293694188358103,610.0,-0.0053994986694395125,-58.317482515802084,1021,-0.05711800442292075,141.24281145460517,1002,-0.14096088967525466,4,12,0,16,0.25
2018,MIA,-52.23332525062659,517.0,-0.10103157688709205,-100.46589052499903,907,-0.1107672442392492,74.17394047890073,1067,-0.06951634534105036,7,9,0,16,0.4375
2018,MIN,-21.47775867906397,665.0,-0.03229738147227665,-77.31392876556482,1034,-0.07477169126263522,-102.4716980460893,1026,0.09987494936266014,8,7,1,16,0.53125
2018,NE,89.11715996841325,599.0,0.14877656088215901,98.83422294770908,1097,0.09009500724494902,-40.828067232379446,1034,0.03948555825181765,11,5,0,16,0.6875
2018,NO,137.243774310626,550.0,0.2495341351102291,159.34101514653918,1022,0.15591097372459803,16.507222759439387,1012,-0.016311484940157498,13,3,0,16,0.8125
2018,NYG,25.653673381622955,638.0,0.04020951940693253,16.371394596193692,1016,0.016113577358458357,72.02136900953047,1068,-0.06743573877296861,5,11,0,16,0.3125
2018,NYJ,-52.71603488478358,580.0,-0.09088971531859238,-128.40668388014058,988,-0.1299662792309115,27.56547996935592,1099,-0.025082329362471265,4,12,0,16,0.25
2018,PHI,62.25108899338156,655.0,0.09503983052424665,39.26485209623155,1071,0.036661860033829645,26.52650055472974,1031,-0.025728904514771812,9,7,0,16,0.5625
2018,PIT,132.1868564390676,729.0,0.18132627769419427,112.08084739250141,1095,0.10235693825799215,28.00857269842992,1030,-0.027192789027601864,9,6,1,16,0.59375
2018,SEA,86.7345041970781,500.0,0.1734690083941562,97.22178938666453,1045,0.0930352051547029,2.1817930324797374,976,-0.002235443680819403,10,6,0,16,0.625
2018,SF,4.723885320571165,597.0,0.007912705729599942,-20.249600000313123,1036,-0.01954594594624819,72.23547590788147,1048,-0.06892698082813117,4,12,0,16,0.25
2018,TB,104.50588376299656,728.0,0.1435520381359843,49.62267076683872,1102,0.04502964679386454,100.55071078697436,1019,-0.09867586927082862,5,11,0,16,0.3125
2018,TEN,4.464668043758703,519.0,0.008602443244236422,-27.91687466871236,976,-0.028603355193352827,-14.172313950165446,1034,0.01370629975838051,9,7,0,16,0.5625
2018,WAS,-45.80897086719641,594.0,-0.07711947957440472,-73.59669163606462,1007,-0.07308509596431442,35.26656074434427,1011,-0.034882849400933995,7,9,0,16,0.4375
2019,ARI,-1.6627087091659702,633.0,-0.0026267120207993213,14.71826527870544,1032,0.014261884959985892,105.89374451639297,1120,-0.09454798617535087,5,10,1,16,0.34375
2019,ATL,48.478969040785294,761.0,0.06370429571719487,16.418085253174215,1140,0.014401829169451066,44.640371926916906,1017,-0.043894171019583976,7,9,0,16,0.4375
2019,BAL,167.3976376892074,505.0,0.3314804706716978,218.2277419041207,1075,0.20300255060848438,-86.35594857784268,966,0.08939539190252865,14,2,0,16,0.875
2019,BUF,-0.1226808022282942,595.0,-0.00020618622223242722,-23.512096091097547,1046,-0.022478103337569357,-88.34519603112294,1017,0.08686843267563711,10,6,0,16,0.625
2019,CAR,-62.0435336741091,716.0,-0.08665297999177249,-90.61711986515968,1105,-0.08200644331688658,63.68534680681221,1074,-0.059297343395542094,5,11,0,16,0.3125
2019,CHI,-27.863618563292338,647.0,-0.043065871040637305,-84.04410981447431,1059,-0.0793617656416188,-49.688832266858284,1057,0.04700930205000784,8,8,0,16,0.5
2019,CIN,-73.76654039790046,675.0,-0.10928376355244512,-104.8127010874192,1080,-0.09704879730316593,99.99000823041541,1036,-0.09651545195986044,2,14,0,16,0.125
2019,CLE,-8.088624563811674,597.0,-0.013548784864006154,-28.141905474782444,1028,-0.027375394430722223,50.5357383216612,1039,-0.048638824178692204,6,10,0,16,0.375
2019,DAL,125.93810710087845,641.0,0.19647130592960757,122.74029710660028,1107,0.11087651048473376,-27.871132133427984,1059,0.02631834951220773,8,8,0,16,0.5
2019,DEN,-29.091419384307887,566.0,-0.0513982674634415,-54.38734015172546,999,-0.05444178193365912,-0.65783114848466,1038,0.0006337486979621002,7,9,0,16,0.4375
2019,DET,23.666821532637947,639.0,0.0370372793937996,-41.4341580840818,1065,-0.03890531275500639,79.0870119265572,1120,-0.07061340350585464,3,12,1,16,0.21875
2019,GB,61.32021977203463,636.0,0.09641543989313621,61.68501513253477,1051,0.0586917365675878,-30.326749770284117,1027,0.029529454498816082,13,3,0,16,0.8125
2019,HOU,75.42518179878957,630.0,0.11972251079172946,60.29468150355008,1053,0.05725990646111119,62.793406578224825,1060,-0.05923906280964606,10,6,0,16,0.625
2019,IND,-22.81057059597202,578.0,-0.039464655010332216,9.182052688814984,1055,0.008703367477549748,-0.450072992666871,1013,0.00044429712997716783,7,9,0,16,0.4375
2019,JAX,-18.827419708075666,690.0,-0.02728611551895024,-57.13431719581301,1068,-0.053496551681472854,74.53723854380839,1029,-0.07243657778795762,6,10,0,16,0.375
2019,KC,150.60733033856218,626.0,0.24058678967821434,138.9995703157352,1033,0.13455911937631676,1.7653182665357285,1087,-0.0016240278440991063,12,4,0,16,0.75
2019,LAC,61.709185483279555,635.0,0.09717981965870796,37.473476598289274,1044,0.035894134672690876,34.91989812653841,959,-0.03641282390671367,5,11,0,16,0.3125
2019,LAR,63.10442421820939,665.0,0.09489387100482614,1.550418639736362,1094,0.0014172016816602943,-41.86270096222398,1087,0.03851214439947009,9,7,0,16,0.5625
2019,LV,85.13878466299032,565.0,0.15068811444777047,37.902631101408865,1011,0.037490238478149224,121.15208453326679,1026,-0.11808195373612747,7,9,0,16,0.4375
2019,MIA,-27.639433937331486,714.0,-0.03871069178897967,-81.31174299587992,1064,-0.07642081108635332,138.4491172676971,1095,-0.12643755001616172,5,11,0,16,0.3125
2019,MIN,75.54660390527812,506.0,0.14930158874560892,56.38257672202092,1003,0.056213934917269115,-73.17014350047238,1086,0.0673758227444497,10,6,0,16,0.625
2019,NE,15.060003742721348,653.0,0.023062792867873428,11.024445723102533,1128,0.009773444789984514,-215.27042250638925,994,0.2165698415557236,12,4,0,16,0.75
2019,NO,112.7315361130783,616.0,0.18300574044330895,86.9131740594823,1038,0.0837313815601949,-37.48945520714175,1050,0.035704243054420715,13,3,0,16,0.8125
2019,NYG,-33.990635948415246,682.0,-0.049839642153101535,-68.13396795279067,1058,-0.06439883549413107,80.05260941452521,1092,-0.07330825037960184,4,12,0,16,0.25
2019,NYJ,-77.44335325693427,584.0,-0.1326084816043395,-154.51478931184158,997,-0.15497972849733357,-23.231465104020756,1075,0.021610665213042564,7,9,0,16,0.4375
2019,PHI,23.961784636355063,679.0,0.035289815370184184,4.189775854760151,1146,0.0036559998732636568,-30.571187121423947,1000,0.030571187121423947,9,7,0,16,0.5625
2019,PIT,-72.15660085366414,561.0,-0.12862139189601451,-133.77754224856878,981,-0.1363685445958907,-130.896318410492,1075,0.12176401712603907,8,8,0,16,0.5
2019,SEA,70.75202553949455,609.0,0.11617738183825049,19.454412049856554,1087,0.017897343192140345,19.92942384551018,1047,-0.019034788773171135,11,5,0,16,0.6875
2019,SF,87.0178425999135,529.0,0.16449497655938278,79.28710779723424,1036,0.07653195733323769,-140.7113656735964,1016,0.13849543865511454,13,3,0,16,0.8125
2019,TB,47.32836380035996,711.0,0.06656591251808715,0.21649215211828476,1112,0.0001946871871567309,-74.32783843339986,1113,0.0667815259958669,7,9,0,16,0.4375
2019,TEN,70.92153160898637,529.0,0.13406716750280978,61.26638253467126,968,0.0632917174944951,-23.221534191905377,1094,0.02122626525768316,9,7,0,16,0.5625
2019,WAS,-79.2784691698036,548.0,-0.14466873936095548,-120.16889349814946,922,-0.13033502548606232,92.95279437102324,1117,-0.08321646765534758,3,13,0,16,0.1875
2020,ARI,39.33095849220551,648.0,0.06069592359908258,56.01207752917921,1110,0.050461331107368654,34.505432377750424,1094,-0.031540614604890695,8,8,0,16,0.5
2020,ATL,71.45729801156587,687.0,0.1040135342235311,46.40056269099718,1108,0.0418777641615498,75.8611754122433,1062,-0.07143236856143437,4,12,0,16,0.25
2020,BAL,62.058732536023314,486.0,0.1276928653004595,109.76416891127717,1009,0.10878510298441742,-28.97600873351232,1053,0.027517577144836013,11,5,0,16,0.6875
2020,BUF,188.41623059524784,653.0,0.28853940366806713,179.161733232795,1060,0.1690205030498066,36.64976385435251,1058,-0.03464060855798914,13,3,0,16,0.8125
2020,CAR,31.63145749932848,624.0,0.0506914383002059,19.544489054719737,1021,0.019142496625582504,89.47029939744249,1033,-0.08661210009432961,5,11,0,16,0.3125
2020,CHI,-9.314602226264512,670.0,-0.013902391382484346,-17.127972106160207,1056,-0.016219670555075952,17.263123807559516,1052,-0.016409813505284712,8,8,0,16,0.5
2020,CIN,-6.747263066800449,649.0,-0.010396399178429043,-44.20846588895778,1068,-0.04139369465258219,101.55155493300569,1041,-0.09755192596830518,4,11,1,16,0.28125
2020,CLE,93.88708436378006,548.0,0.1713267962842702,95.25052866160895,1042,0.09141125591325236,85.74603826614629,1053,-0.08143023577031935,11,5,0,16,0.6875
2020,DAL,-15.056929481142397,708.0,-0.021266849549636153,-32.45569216657348,1136,-0.028570151555082288,77.9909663386579,1086,-0.07181488613136086,6,10,0,16,0.375
2020,DEN,-69.51181567525667,616.0,-0.11284385661567642,-74.99580889852865,1058,-0.07088450746552803,43.59911578836125,1070,-0.04074683718538435,5,11,0,16,0.3125
2020,DET,46.55356570797751,639.0,0.07285378045066904,14.880525961590685,1031,0.014433099865752362,223.44177857667194,1092,-0.20461701334860066,5,11,0,16,0.3125
2020,GB,191.259857309222,568.0,0.33672510089651764,223.84765777935834,1011,0.2214121244108391,26.7122029487053,1017,-0.026265686281912785,13,3,0,16,0.8125
2020,HOU,139.73852786099982,660.0,0.21172504221363608,89.72372714061689,964,0.09307440574752789,182.05275097463075,1083,-0.16810041641240145,4,12,0,16,0.25
2020,IND,86.87415193607627,574.0,0.15134869675274612,88.1852912097718,1060,0.08319367095261491,-8.76099978846569,1018,0.008606090165486925,11,5,0,16,0.6875
2020,JAX,-37.90398151326703,694.0,-0.05461668805946258,-50.8474320791336,1024,-0.0496556953897789,181.85463741808985,1091,-0.16668619378376706,1,15,0,16,0.0625
2020,KC,208.06279368037625,696.0,0.29894079551778197,191.8624250363137,1082,0.17732201944206444,69.27799046869055,1058,-0.06548014221993435,14,2,0,16,0.875
2020,LAC,90.88197688097569,687.0,0.13228817595484088,49.73184667034189,1155,0.04305787590505791,28.50702622085056,1018,-0.028002972712033947,7,9,0,16,0.4375
2020,LAR,10.778466100355718,638.0,0.01689414749272056,-14.656080104405508,1099,-0.013335832670068706,-166.2987936279474,1013,0.16416465313716425,10,6,0,16,0.625
2020,LV,67.36931937399594,603.0,0.11172358105140288,70.28653708194308,1070,0.06568835241303092,146.25092165701588,1068,-0.13693906522192498,8,8,0,16,0.5
2020,MIA,46.00603257222543,627.0,0.07337485258728138,26.84032073441519,1047,0.025635454378620047,-23.835667493749582,1018,0.02341421168344753,10,6,0,16,0.625
2020,MIN,92.74438768456223,576.0,0.16101456195236497,94.37369035267398,1062,0.08886411520967417,99.49035120812717,1045,-0.09520607771112648,7,9,0,16,0.4375
2020,NE,-29.99700880619781,499.0,-0.060114246104604835,3.8037819885962776,994,0.0038267424432558124,75.37665541555938,999,-0.07545210752308247,7,9,0,16,0.4375
2020,NO,73.1802365309474,570.0,0.1283863798788551,101.08235506405761,1054,0.09590356267937154,-45.24551201627771,1032,0.04384255040336987,12,4,0,16,0.75
2020,NYG,-35.2586948690961,595.0,-0.05925831070436319,-55.99415217404041,990,-0.05655974967074789,38.376584405270286,1069,-0.03589951768500495,6,10,0,16,0.375
2020,NYJ,-79.7772133692616,572.0,-0.13947065274346435,-113.55516517662967,977,-0.11622841880924224,117.63278064400178,1114,-0.10559495569479514,2,14,0,16,0.125
2020,PHI,-70.74198765866221,717.0,-0.09866386005392219,-61.07975208575417,1107,-0.055175927810076034,27.474416725177626,1078,-0.02548647191574919,4,11,1,16,0.28125
2020,PIT,51.68677746525509,679.0,0.07612191084720926,37.055383799164225,1072,0.034566589364892,-107.78096242268191,1021,0.10556411598695584,12,4,0,16,0.75
2020,SEA,87.37265559537435,665.0,0.13138745202311933,109.66679643294823,1045,0.10494430280664903,50.647310804885564,1129,-0.04486032843656826,12,4,0,16,0.75
2020,SF,37.64847209096502,619.0,0.06082144118088049,10.486548865289514,1082,0.009691819653687166,-15.505521377159985,1013,0.015306536403909166,6,10,0,16,0.375
2020,TB,119.70247855535168,652.0,0.18359275852047802,155.0546942923781,1043,0.1486622188805159,-38.71454434836734,1051,0.03683591279578244,11,5,0,16,0.6875
2020,TEN,132.54599402438845,533.0,0.2486791632727738,199.67380264224852,1055,0.18926426790734457,144.4773334591377,1103,-0.13098579642714206,11,5,0,16,0.6875
2020,WAS,-64.61652154940353,671.0,-0.0962988398649829,-54.65715772793569,1069,-0.051129240157096065,-85.98093457000564,1029,0.08355775954325136,7,9,0,16,0.4375
2021,ARI,88.37774751423675,666.0,0.13269932059194706,90.89447971394026,1154,0.07876471379024286,-67.14042167232952,1079,0.06222467254154729,11,6,0,17,0.6470588235294118
2021,ATL,-43.68476900764493,631.0,-0.069231012690404,-78.99372025204103,1035,-0.0763224350261266,90.9394403444216,1143,-0.0795620650432385,7,10,0,17,0.4117647058823529
2021,BAL,22.769066912117253,743.0,0.030644773771355657,11.392575214364223,1217,0.009361195739001005,83.55241146582482,1067,-0.07830591515072617,8,9,0,17,0.47058823529411764
2021,BUF,121.13267148458554,733.0,0.16525603203899802,106.92201427387985,1169,0.0914645117826175,-118.25264216693655,1061,0.1114539511469713,11,6,0,17,0.6470588235294118
2021,CAR,-119.5782983983231,683.0,-0.17507803572228858,-149.81661924532398,1135,-0.13199702136151892,-32.66718702147727,1051,0.031082004777809008,5,12,0,17,0.29411764705882354
2021,CHI,-67.70562028157495,659.0,-0.10273993972924879,-96.38193262188283,1105,-0.08722346843609305,33.01805411108559,1035,-0.031901501556604435,6,11,0,17,0.35294117647058826
2021,CIN,93.38710106261439,630.0,0.14823349375018158,67.99941256332312,1079,0.06302077160641624,-15.357198698834022,1110,0.013835314143093714,10,7,0,17,0.5882352941176471
2021,CLE,-11.240742702968866,600.0,-0.018734571171614776,14.705951584864218,1089,0.013504087773061725,20.411076926991147,1095,-0.018640252901361776,8,9,0,17,0.47058823529411764
2021,DAL,124.69364994917467,706.0,0.1766199007778678,99.8870264417727,1196,0.0835175806369337,-100.42969056938439,1128,0.08903341362534077,12,5,0,17,0.7058823529411765
2021,DEN,47.24596878470798,605.0,0.07809251038794708,22.363631265894774,1070,0.02090058996812596,5.24312656622377,1062,-0.004937030664994134,7,10,0,17,0.4117647058823529
2021,DET,-25.651403250870263,643.0,-0.03989331765298641,-67.17999084327784,1094,-0.061407669875025446,112.6754123832715,1104,-0.10206106194136912,3,13,1,17,0.20588235294117646
2021,GB,132.59091941360697,647.0,0.20493186926368928,148.7418116366547,1090,0.13646037764830704,21.752496371087773,1062,-0.020482576620609955,13,4,0,17,0.7647058823529411
2021,HOU,-63.623191894335065,613.0,-0.10378987258455966,-142.03368501501726,1058,-0.1342473393336647,86.57922918964624,1124,-0.07702778397655359,4,13,0,17,0.23529411764705882
2021,IND,10.582243580719677,583.0,0.018151361201920544,65.16245765711952,1093,0.05961798504768483,0.3528751947625337,1074,-0.00032856163385710775,9,8,0,17,0.5294117647058824
2021,JAX,-58.08294602498258,670.0,-0.08669096421639191,-84.07775267940394,1068,-0.07872448752753178,120.70525789041244,1091,-0.11063726662732579,3,14,0,17,0.17647058823529413
2021,KC,162.20952713692543,751.0,0.21599138100789006,163.9452033898832,1172,0.13988498582754538,41.47452837813192,1102,-0.0376356881834228,12,5,0,17,0.7058823529411765
2021,LAC,125.37374680332518,748.0,0.16761196096701228,102.36912068624545,1169,0.08756982094631775,50.34051648900858,1142,-0.04408101268739806,9,8,0,17,0.5294117647058824
2021,LAR,112.39751558445352,649.0,0.17318569427496688,87.97185702946905,1072,0.08206329946778829,-28.239775591391403,1148,0.02459910765800645,12,5,0,17,0.7058823529411765
2021,LV,25.530191291003135,686.0,0.037216022290092035,-1.0815318081123373,1125,-0.0009613616072109665,70.06414191805739,1141,-0.061405908780067825,10,7,0,17,0.5882352941176471
2021,MIA,6.426694878385461,688.0,0.009341126276723054,-52.46697516996866,1137,-0.04614509689531105,-29.268088662035296,1104,0.026510949875031973,9,8,0,17,0.5294117647058824
2021,MIN,54.8559870882943,648.0,0.08465430106218257,20.47523301349911,1120,0.01828145804776706,-4.551702765157234,1190,0.0038249603068548185,8,9,0,17,0.47058823529411764
2021,NE,63.30834630085872,579.0,0.10934083989785617,75.730734246166,1080,0.07012105022793147,-66.88189073515498,1062,0.06297729824402541,10,7,0,17,0.5882352941176471
2021,NO,-13.966209274536746,581.0,-0.02403822594584638,-67.17034301945407,1070,-0.06277602151350847,-111.13251698037523,1105,0.10057241355690066,9,8,0,17,0.5294117647058824
2021,NYG,-122.69528105718138,662.0,-0.18534030371175433,-153.08736403314398,1084,-0.141224505565631,32.531090439481176,1158,-0.028092478790570963,4,13,0,17,0.23529411764705882
2021,NYJ,-73.5061930437273,680.0,-0.10809734271136366,-76.99215048604034,1069,-0.0720225916614035,162.26337342187125,1165,-0.13928186559817274,4,13,0,17,0.23529411764705882
2021,PHI,55.42628949192788,581.0,0.0953980886263819,67.50143193158907,1100,0.06136493811962643,9.550740872289825,1101,-0.008674605696902657,9,8,0,17,0.5294117647058824
2021,PIT,-58.3727382589358,710.0,-0.08221512430836028,-59.09948208177892,1150,-0.051390853984155584,6.957996199923089,1155,-0.006024239134132545,9,7,1,17,0.5588235294117647
2021,SEA,14.566529227504795,569.0,0.025600227113365192,41.51123452527415,980,0.04235840257681035,29.90371666469517,1246,-0.023999772604089222,7,10,0,17,0.4117647058823529
2021,SF,93.14938002041912,564.0,0.16515847521350907,91.55716418712572,1072,0.08540780241336354,4.277186817492391,1070,-0.003997370857469524,10,7,0,17,0.5882352941176471
2021,TB,140.66453265892994,763.0,0.18435718566045864,165.3297499291851,1158,0.14277180477477125,-70.37183615921997,1134,0.06205629290936505,13,4,0,17,0.7647058823529411
2021,TEN,38.72813228878417,601.0,0.06443948800130476,29.201965823921352,1167,0.025023106961372197,-19.658506170202376,1088,0.018068479935847773,12,5,0,17,0.7058823529411765
2021,WAS,-37.666662608755985,635.0,-0.05931757891142675,-39.369624112637986,1107,-0.03556424942424389,87.27066929390845,1087,-0.08028580431822305,7,10,0,17,0.4117647058823529
2022,ARI,-76.91360721201137,753.0,-0.10214290466402573,-95.75789169970916,1184,-0.08087659771934895,13.70056842785112,1095,-0.01251193463730696,4,13,0,17,0.23529411764705882
2022,ATL,-8.264484106525956,488.0,-0.016935418251077777,1.610375505508709,1034,0.0015574231194474943,69.7839510245398,1105,-0.06315289685478716,7,10,0,17,0.4117647058823529
2022,BAL,-19.004255083760313,563.0,-0.03375533762657249,4.20071496746197,1068,0.003933253714852031,-1.9766697363586423,1077,0.0018353479446226947,10,7,0,17,0.5882352941176471
2022,BUF,135.79075797698815,658.0,0.20636893309572665,117.03262937194582,1056,0.11082635357191839,-46.52933011183401,1041,0.044696762835575415,13,3,0,16,0.8125
2022,CAR,-38.76500773695495,510.0,-0.07600981909206853,-35.88721531716853,1006,-0.03567317625961087,10.883848859593607,1135,-0.00958929414942168,7,10,0,17,0.4117647058823529
2022,CHI,-50.398388914896366,509.0,-0.0990145165322129,-39.12815066789768,1015,-0.03854990213585978,130.32629683979826,1059,-0.1230654361093468,3,14,0,17,0.17647058823529413
2022,CIN,99.45694586570717,685.0,0.14519262170176228,87.56832457101166,1075,0.08145890657768526,-44.28132275820109,1021,0.04337054138903143,12,4,0,16,0.75
2022,CLE,5.877585291210452,615.0,0.009557049254000735,15.14024390007848,1150,0.013165429478329112,30.82180017896726,1068,-0.02885936346345249,7,10,0,17,0.4117647058823529
2022,DAL,17.151634419122793,600.0,0.028586057365204656,35.64576074039747,1146,0.031104503263872138,-98.41428826660386,1128,0.0872467094562091,12,5,0,17,0.7058823529411765
2022,DEN,-72.17393577037363,663.0,-0.10885963162952282,-86.96646525197637,1124,-0.07737230004624232,-47.54066536503201,1125,0.04225836921336179,5,12,0,17,0.29411764705882354
2022,DET,99.99850328183084,627.0,0.15948724606352604,82.48430946358087,1124,0.07338461696048121,93.74156036576174,1111,-0.08437584191337691,9,8,0,17,0.5294117647058824
2022,GB,-0.15660442132627583,608.0,-0.00025757306139190104,18.49791605659918,1074,0.017223385527559757,31.50881666772409,1017,-0.03098212061723116,8,9,0,17,0.47058823529411764
2022,HOU,-112.89522033969571,641.0,-0.17612358867347225,-175.3355675316668,1048,-0.16730493085082712,11.021116038239851,1146,-0.009617029701779975,3,13,1,17,0.20588235294117646
2022,IND,-112.92144048043713,689.0,-0.16389178589323242,-175.3081019076961,1135,-0.15445647745171465,-19.944062709333885,1116,0.01787102393309488,4,12,1,17,0.2647058823529412
2022,JAX,80.57480690684154,652.0,0.12358099218840728,49.66898983743068,1101,0.04511261565615866,-22.35875973762366,1143,0.019561469586722363,9,8,0,17,0.5294117647058824
2022,KC,205.05924014507806,726.0,0.28245074400148495,201.88676018660618,1131,0.17850288256994357,-1.6409969175049754,1133,0.001448364446165027,14,3,0,17,0.8235294117647058
2022,LAC,22.133924782789943,773.0,0.028633796614217263,8.453244774728043,1171,0.0072188255975474324,12.858456726115492,1034,-0.012435644802819624,10,7,0,17,0.5882352941176471
2022,LAR,-68.85175682024166,611.0,-0.1126869997057965,-83.83522640661228,1012,-0.08284113281285799,15.801642315007202,1072,-0.014740337980417165,5,12,0,17,0.29411764705882354
2022,LV,15.329285718257417,649.0,0.023619854727669365,9.637571749873377,1093,0.008817540484788085,74.8690866271283,1100,-0.06806280602466208,6,11,0,17,0.35294117647058826
2022,MIA,57.06441756437339,638.0,0.08944266075920594,55.92185466314119,1039,0.05382276675951991,23.975446381965238,1111,-0.02158005974974369,9,8,0,17,0.5294117647058824
2022,MIN,37.14486143806174,734.0,0.05060607825349011,4.334762758887122,1153,0.0037595513953921265,6.1440326898761475,1145,-0.005365967414738993,13,4,0,17,0.7647058823529411
2022,NE,-28.90412330707373,604.0,-0.04785450878654591,-48.477144581893825,1022,-0.04743360526604092,-93.92090657030973,1109,0.08468972639342626,8,9,0,17,0.47058823529411764
2022,NO,6.540237887966836,564.0,0.011596166468026305,-38.203748380014645,1032,-0.037019136027145974,-39.34023075007599,1116,0.03525110282264873,7,10,0,17,0.4117647058823529
2022,NYG,33.47064731078046,630.0,0.053128011604413425,36.9605958308721,1113,0.0332080825075221,51.58583312880758,1115,-0.04626532119175568,9,7,1,17,0.5588235294117647
2022,NYJ,-67.15906843510882,688.0,-0.09761492505103027,-94.49855110782262,1103,-0.08567411705151642,-50.66838271317674,1122,0.045158986375380336,7,10,0,17,0.4117647058823529
2022,PHI,74.04352619849676,625.0,0.11846964191759482,114.85530080727332,1150,0.09987417461502028,-69.10992937294537,1093,0.06322957856628122,14,3,0,17,0.8235294117647058
2022,PIT,3.448811493266284,642.0,0.005371980519106361,13.718169204413634,1147,0.01196004289835539,22.33826362567415,1044,-0.021396804239151482,9,8,0,17,0.5294117647058824
2022,SEA,20.252776205342492,653.0,0.031014971217982377,14.129346683045817,1077,0.01311917055064607,36.73340945691417,1134,-0.03239277729886611,9,8,0,17,0.5294117647058824
2022,SF,91.89206576920789,556.0,0.16527349958490628,90.81841374801186,1082,0.08393568738263574,-118.47836557986156,1056,0.11219542195062648,13,4,0,17,0.7647058823529411
2022,TB,27.037670448401727,780.0,0.0346636800620535,-35.696703653835165,1191,-0.029972043370138677,-28.499487725426718,1102,0.02586160410655782,8,9,0,17,0.47058823529411764
2022,TEN,-18.097290832768373,529.0,-0.03421037964606498,-67.04534952156418,1019,-0.06579523996228084,16.577398839948497,1145,-0.01447807758947467,7,10,0,17,0.4117647058823529
2022,WAS,-50.384223163652855,635.0,-0.07934523332858717,-76.8128699217871,1170,-0.065652025574177,-60.35583100840124,1027,0.05876906622044911,8,8,1,17,0.5
2023,ARI,-74.46005360864996,635.0,-0.11725992694275583,-60.90405557298701,1111,-0.0548191319288812,99.21924777068075,1091,-0.09094339850658181,4,13,0,17,0.23529411764705882
2023,ATL,-27.89371838012616,602.0,-0.046335080365658074,-99.33293608051682,1111,-0.08940858333079821,-51.65698127984504,1119,0.04616352214463364,7,10,0,17,0.4117647058823529
2023,BAL,60.94226623674493,608.0,0.10023399052096205,76.29899962955804,1109,0.06879981932331654,-144.53956269129338,1137,0.127123625937813,13,4,0,17,0.7647058823529411
2023,BUF,108.7132688501594,652.0,0.16673814240821994,109.57373712879834,1135,0.09654073755841264,-52.1407524582663,1054,0.04946940460936081,11,6,0,17,0.6470588235294118
2023,CAR,-137.6156756348741,683.0,-0.20148707999249502,-182.61338336886845,1142,-0.15990664042808095,29.51179372688717,1015,-0.029075658844223813,2,15,0,17,0.11764705882352941
2023,CHI,-40.94510355351622,621.0,-0.06593414420856074,-57.89215193263018,1117,-0.05182824703010759,-26.53434990798412,1056,0.025127225291651626,7,10,0,17,0.4117647058823529
2023,CIN,21.247468368429587,695.0,0.030571896932992212,1.3149529415342878,1069,0.001230077587964722,32.73395608225967,1083,-0.03022525954040597,9,8,0,17,0.5294117647058824
2023,CLE,-115.12388564919348,696.0,-0.1654078816798757,-154.43211176313307,1216,-0.12700009191047126,-160.87489078461533,1036,0.15528464361449357,11,6,0,17,0.6470588235294118
2023,DAL,132.00958559220285,684.0,0.19299647016403926,140.468704212258,1157,0.12140769594836473,-89.11613392146737,1049,0.08495341651236164,12,5,0,17,0.7058823529411765
2023,DEN,-19.904196073825393,603.0,-0.03300861703785306,-47.66924755327086,1045,-0.04561650483566589,21.839613643840757,1113,-0.01962229437901236,8,9,0,17,0.47058823529411764
2023,DET,69.40895801179019,645.0,0.10761078761517859,67.06121859425991,1150,0.058314103125443405,-8.471842246718728,1076,0.00787345933709919,12,5,0,17,0.7058823529411765
2023,GB,85.53937230034506,636.0,0.13449586839676897,80.51191084950774,1075,0.07489480079023976,10.01610558927894,1091,-0.009180665068083354,9,8,0,17,0.5294117647058824
2023,HOU,36.74309787365467,660.0,0.055671360414628286,-25.85939359380803,1119,-0.023109377653090284,-37.52785646983034,1123,0.03341750353502256,10,7,0,17,0.5882352941176471
2023,IND,5.775023361792188,648.0,0.008912073089185476,-28.177489035621274,1131,-0.02491378340903738,-16.664949123572185,1158,0.014391147775105514,9,8,0,17,0.5294117647058824
2023,JAX,-3.0956164732163103,710.0,-0.004360023201713113,-37.01471595182222,1142,-0.032412185597042224,-41.76323972851907,1092,0.03824472502611636,9,8,0,17,0.5294117647058824
2023,KC,54.81682431940242,715.0,0.07666688716000339,23.44315020805156,1105,0.021215520550272905,-81.5228334515303,1068,0.0763322410594853,11,6,0,17,0.6470588235294118
2023,LAC,4.477916153516158,715.0,0.006262819795127493,-79.97376311634045,1142,-0.07002956490047325,21.729332653685553,1132,-0.019195523545658615,5,12,0,17,0.29411764705882354
2023,LAR,42.971127113323135,640.0,0.0671423861145674,47.551164193351156,1132,0.04200632879271304,-14.516976089782972,1105,0.013137534922880518,10,7,0,17,0.5882352941176471
2023,LV,-46.20558902640861,606.0,-0.07624684657823202,-88.29196427990321,1025,-0.08613850173649094,-62.06162226336405,1113,0.055760666903292046,8,9,0,17,0.47058823529411764
2023,MIA,95.40037498997063,613.0,0.15562867045672207,102.47694274610362,1077,0.09515036466676288,-34.61853439457336,1086,0.031877103494082286,11,6,0,17,0.6470588235294118
2023,MIN,1.6342449391953684,709.0,0.0023049999142388837,-27.788847212615977,1112,-0.024989970514942426,-21.227658589060358,1107,0.019175843350551364,7,10,0,17,0.4117647058823529
2023,NE,-146.77597069423464,627.0,-0.23409245724758315,-196.99321416606088,1042,-0.18905298864305267,-64.79699749196129,1104,0.0586929325108345,4,13,0,17,0.23529411764705882
2023,NO,24.28408081433116,655.0,0.0370749325409636,-16.63217498070046,1131,-0.014705725005040193,-90.87779799120983,1087,0.08360422998271373,9,8,0,17,0.5294117647058824
2023,NYG,-104.4878813612823,668.0,-0.1564189840737759,-179.3724006754528,1088,-0.1648643388561147,-8.16423005499466,1115,0.0073221794215198735,6,11,0,17,0.35294117647058826
2023,NYJ,-201.8021965331509,695.0,-0.2903628727095696,-250.87643325937708,1090,-0.23016186537557531,-122.44690090838957,1118,0.10952316718102824,7,10,0,17,0.4117647058823529
2023,PHI,60.02557391129666,653.0,0.09192277781209289,69.25603628250133,1136,0.060964820671215954,66.47191326258324,1146,-0.05800341471429602,11,6,0,17,0.6470588235294118
2023,PIT,-47.404048444415054,566.0,-0.08375273576751777,-66.5889362909909,1042,-0.06390492926198743,-68.28187231874841,1107,0.06168190814701754,10,7,0,17,0.5882352941176471
2023,SEA,40.20867103134265,635.0,0.06332074178164196,32.36734593512136,1029,0.031455146681361866,77.98650272999114,1177,-0.06625871090058721,9,8,0,17,0.5294117647058824
2023,SF,151.27407348100968,541.0,0.2796193594843063,186.05224381141747,1039,0.1790685695971294,-55.804256340476826,1077,0.05181453699208619,12,5,0,17,0.7058823529411765
2023,TB,43.942225670984875,641.0,0.06855261415130245,9.006035781863652,1076,0.008369921730356554,-20.236322908429248,1105,0.01831341439676855,9,8,0,17,0.5294117647058824
2023,TEN,-21.436781882534966,576.0,-0.037216635212734314,-23.94420100480609,1032,-0.023201745159695822,38.54051785225069,1139,-0.03383715351382852,6,11,0,17,0.35294117647058826
2023,WAS,-76.58784479573649,737.0,-0.10391837828458139,-92.19742301579326,1100,-0.0838158391052666,104.62517756280224,1148,-0.09113691425331205,4,13,0,17,0.23529411764705882
2024,ARI,66.77159430842991,613.0,0.10892592872500802,72.54416495385047,1082,0.0670463631736141,53.12438733916154,1069,-0.04969540443326617,8,9,0,17,0.47058823529411764
2024,ATL,30.225445175738862,596.0,0.050713834187481314,45.93325975667375,1123,0.04090227939151714,45.487568281963604,1094,-0.04157913005663949,8,9,0,17,0.47058823529411764
2024,BAL,187.57634001283722,543.0,0.34544445674555657,216.10349781298854,1088,0.19862453843105565,-17.65358028740042,1114,0.015847020006643106,12,5,0,17,0.7058823529411765
2024,BUF,167.85498922814665,579.0,0.28990499003134135,197.96808260606812,1064,0.18606022801322192,-4.5606722490600955,1092,0.004176439788516571,13,4,0,17,0.7647058823529411
2024,CAR,-42.69222896764466,628.0,-0.06798125631790551,-41.09652423936436,1023,-0.04017255546369928,183.29713595972663,1190,-0.1540312066888459,5,12,0,17,0.29411764705882354
2024,CHI,-39.957929256415916,690.0,-0.057910042400602775,-80.0117597278135,1109,-0.07214766431723489,2.5434033586198233,1051,-0.002419984166146359,5,12,0,17,0.29411764705882354
2024,CIN,119.39250443481993,723.0,0.16513486090569837,120.13318183994852,1118,0.10745365101963195,60.100235336160445,1117,-0.05380504506370676,9,8,0,17,0.5294117647058824
2024,CLE,-164.17093990331466,770.0,-0.2132090128614476,-208.811940562927,1168,-0.178777346372369,19.08976948903531,1050,-0.018180732846700295,3,14,0,17,0.17647058823529413
2024,DAL,-70.0764102851429,687.0,-0.10200350842087758,-103.12327607644278,1155,-0.08928422171120587,74.16943789211781,1080,-0.06867540545566464,7,10,0,17,0.4117647058823529
2024,DEN,44.82916259057,645.0,0.06950257765979845,11.414473001197518,1082,0.010549420518666837,-113.48314941734853,1138,0.09972157242297762,10,7,0,17,0.5882352941176471
2024,DET,165.33819368903022,597.0,0.2769483981390791,174.5069540061208,1123,0.15539354764569974,-47.25606720089699,1083,0.04363441108116066,15,2,0,17,0.8823529411764706
2024,GB,82.68334295694576,525.0,0.15749208182275384,85.78778662871902,1065,0.08055191232743569,-69.95539830710695,1069,0.06544003583452473,11,6,0,17,0.6470588235294118
2024,HOU,-9.803566214974905,662.0,-0.014809012409327652,-41.29898144320727,1091,-0.037854245135845344,-57.965020689976676,1082,0.05357210784655885,10,7,0,17,0.5882352941176471
2024,IND,-29.406000451512913,569.0,-0.0516801413910596,-48.072558726960175,1070,-0.04492762497846745,5.715636077161135,1134,-0.005040243454286716,8,9,0,17,0.47058823529411764
2024,JAX,0.9974287980638343,611.0,0.0016324530246543934,-23.43522974434165,1018,-0.023020854365758008,153.0237722466416,1169,-0.13090143049327768,4,13,0,17,0.23529411764705882
2024,KC,92.64214943965332,680.0,0.13623845505831372,79.25879937094048,1122,0.07064064115057084,6.056439927097878,1069,-0.005665519108604189,15,2,0,17,0.8823529411764706
2024,LAC,65.79854260200267,587.0,0.11209291755026009,45.648309669638586,1039,0.043934850500133384,-58.166207023832804,1080,0.05385759909614148,11,6,0,17,0.6470588235294118
2024,LAR,38.406932585977785,596.0,0.06444116205700971,40.19088544442756,1070,0.037561575181707996,54.79747593498798,1103,-0.04968039522664368,10,7,0,17,0.5882352941176471
2024,LV,-54.21510680539381,703.0,-0.07711963983697555,-144.95904525800398,1103,-0.13142252516591477,17.229067151499795,1082,-0.015923352265711455,4,13,0,17,0.23529411764705882
2024,MIA,53.99946030618887,660.0,0.08181736410028617,-44.599381768586476,1123,-0.03971449845822482,-23.546426558903953,1043,0.022575672635574258,8,9,0,17,0.47058823529411764
2024,MIN,59.16084028185218,626.0,0.09450613463554662,41.24950948189439,1089,0.037878337448938836,-102.36153540279817,1119,0.09147590295156226,14,3,0,17,0.8235294117647058
2024,NE,-16.965302912576796,639.0,-0.026549769816239115,-87.59393856265045,1078,-0.08125597269262565,92.2921395402855,1103,-0.08367374391684995,4,13,0,17,0.23529411764705882
2024,NO,-51.485889168708745,618.0,-0.0833105002729915,-61.66876618751671,1076,-0.05731297972817538,40.79677277555737,1150,-0.035475454587441196,5,12,0,17,0.29411764705882354
2024,NYG,-71.25816630537744,669.0,-0.1065144488869618,-96.57520815290636,1096,-0.08811606583294375,75.61124186988889,1072,-0.0705328748786277,3,14,0,17,0.17647058823529413
2024,NYJ,15.447344844761876,671.0,0.023021378308139905,-0.6380703624626105,1054,-0.000605379850533786,52.54467669578979,1124,-0.0467479330033717,5,12,0,17,0.29411764705882354
2024,PHI,90.35315135645585,535.0,0.168884395058796,124.54114020564018,1123,0.11090039199077487,-89.19311883532615,1030,0.08659526100517101,14,3,0,17,0.8235294117647058
2024,PIT,13.56104709446089,586.0,0.023141718591230185,-29.753861386167927,1108,-0.026853665510981884,-20.05926130867952,1076,0.018642436160482827,10,7,0,17,0.5882352941176471
2024,SEA,7.0201630083773985,673.0,0.010431148600857948,-13.962398070170833,1080,-0.01292814636126929,-19.588363934710042,1111,0.01763129067030607,10,7,0,17,0.5882352941176471
2024,SF,83.01639886596917,612.0,0.13564771056530908,67.11112866670777,1063,0.06313370523679,55.99742655350448,1045,-0.05358605411818611,6,11,0,17,0.35294117647058826
2024,TB,127.35890020785293,655.0,0.1944410690196228,149.78513346501828,1125,0.13314234085779403,19.13774562641882,1103,-0.017350630667650788,10,7,0,17,0.5882352941176471
2024,TEN,-55.94028273060097,615.0,-0.09095980931805035,-112.56242163072517,1084,-0.1038398723530675,51.78605144560956,1041,-0.049746447113938094,3,14,0,17,0.17647058823529413
2024,WAS,126.6518851875715,652.0,0.19425135764964954,156.89115253917538,1136,0.13810840892533044,51.89251526357447,1065,-0.04872536644467086,12,5,0,17,0.7058823529411765
2025,ARI,16.873563006187734,748.0,0.022558239313085204,-15.508707132846709,1128,-0.01374885384117616,98.80064028137534,1102,-0.08965575343137508,3,14,0,17,0.17647058823529413
2025,ATL,3.9454574290577646,586.0,0.006732862506924513,-8.421229010316587,1075,-0.007833701404945662,9.028618076999733,1088,-0.008298362203124755,8,9,0,17,0.47058823529411764
2025,BAL,8.930251562565642,503.0,0.017753979249633484,36.63348969267538,992,0.0369289210611647,27.95116673822266,1114,-0.025090813948135244,8,9,0,17,0.47058823529411764
2025,BUF,114.98292901904944,593.0,0.19390038620413058,159.24529182102916,1097,0.14516434988243315,-6.608323479018317,971,0.006805688443891161,12,5,0,17,0.7058823529411765
2025,CAR,-16.38753767018142,585.0,-0.028012884906293025,-25.54676342919943,1035,-0.024682863216617806,62.34438341060614,1039,-0.060004218874500616,8,9,0,17,0.47058823529411764
2025,CHI,74.7678971668171,644.0,0.11609921920313213,85.91890814835031,1134,0.07576623293505319,36.80979458191095,1059,-0.034759012825222806,11,6,0,17,0.6470588235294118
2025,CIN,-13.94570837163348,691.0,-0.02018192239020764,13.112972918939322,1092,0.012008216958735643,130.54483687156815,1068,-0.12223299332543834,6,11,0,17,0.35294117647058826
2025,CLE,-161.61197292266243,641.0,-0.2521247627498634,-189.12593573046846,1074,-0.17609491222576207,-85.9237350597551,1030,0.08342110199976223,5,12,0,17,0.29411764705882354
2025,DAL,108.27146687690585,683.0,0.1585233775650159,126.41242770395479,1164,0.10860174201370687,174.54154375478558,1078,-0.16191237825119256,7,9,1,17,0.4411764705882353
2025,DEN,74.86987643809194,676.0,0.11075425508593481,39.60628175250369,1116,0.035489499778229114,-65.15252104265883,1115,0.05843275429834873,14,3,0,17,0.8235294117647058
2025,DET,106.27021609641464,624.0,0.17030483348784398,77.38387584261685,1087,0.071190318162481,12.528138807084716,1080,-0.01160012852507844,9,8,0,17,0.5294117647058824
2025,GB,141.60680068662344,554.0,0.25560794347765964,125.73477955030923,1028,0.1223100968388222,46.04486896663042,1106,-0.04163188875825535,9,7,1,17,0.5588235294117647
2025,HOU,40.3418022242394,648.0,0.06225586762999907,-9.508304226071177,1138,-0.008355276121327923,-111.38737416872596,1027,0.10845898166380327,12,5,0,17,0.7058823529411765
2025,IND,45.86650452691278,605.0,0.07581240417671534,87.7207212721531,1053,0.08330552827364966,15.20675309774403,1144,-0.013292616344181845,8,9,0,17,0.47058823529411764
2025,JAX,54.175260333183,646.0,0.08386263209471052,43.45629272171015,1121,0.038765649171909146,-84.9954699142876,1079,0.0787724466304797,13,4,0,17,0.7647058823529411
2025,KC,53.89765050370766,689.0,0.07822590784282679,46.01783813428675,1094,0.04206383741708112,-7.752748747646771,1024,0.0075710436988737995,6,11,0,17,0.35294117647058826
2025,LAC,0.7914928249627087,681.0,0.0011622508442917896,-18.010146561286668,1125,-0.01600901916558815,-77.31772037297618,1001,0.0772404798930831,11,6,0,17,0.6470588235294118
2025,LAR,139.2371370168424,624.0,0.22313643752699105,164.76155415640974,1105,0.14910547887457895,-76.14856082534205,1109,0.06866416665946082,12,5,0,17,0.7058823529411765
2025,LV,-99.04738058990787,600.0,-0.16507896764984645,-188.58497628749762,982,-0.1920417273803438,33.32339453946117,1096,-0.03040455706155216,3,14,0,17,0.17647058823529413
2025,MIA,-4.528491856767514,533.0,-0.00849623237667451,-20.587675441717806,969,-0.021246311085364095,91.3916231602514,1055,-0.08662713095758426,7,10,0,17,0.4117647058823529
2025,MIN,-88.87762950889173,575.0,-0.1545697904502465,-92.58213148949615,982,-0.09427915630294924,-91.75630587020017,1060,0.08656255270773601,9,8,0,17,0.5294117647058824
2025,NE,186.64833715923757,613.0,0.30448342114068117,163.79942388159122,1060,0.15452775837885965,-40.65869862349831,1008,0.040336010539184834,14,3,0,17,0.8235294117647058
2025,NO,-34.44459469598704,671.0,-0.051333226074496335,-84.4660937369195,1108,-0.07623293658566742,-54.04948205153748,1070,0.05051353462760512,6,11,0,17,0.35294117647058826
2025,NYG,25.439141612363077,627.0,0.0405727936401325,48.359628704821475,1137,0.04253265497345776,104.19649002726017,1085,-0.0960336313615301,4,13,0,17,0.23529411764705882
2025,NYJ,-86.76502452144214,613.0,-0.1415416386972955,-133.44496929050493,1032,-0.129307140785373,161.52198455518968,1098,-0.14710563256392503,3,14,0,17,0.17647058823529413
2025,PHI,41.914409631265926,575.0,0.07289462544567987,35.38901494914194,1033,0.03425848494592637,-56.792683564962566,1108,0.05125693462541748,11,6,0,17,0.6470588235294118
2025,PIT,19.710113319253523,594.0,0.03318200895497226,28.04412031828944,1015,0.027629675190432947,28.7556549351984,1142,-0.025180083130646586,10,7,0,17,0.5882352941176471
2025,SEA,62.932347239345724,520.0,0.12102374469104947,37.87946316777713,1039,0.0364576161383803,-124.74670510423586,1106,0.11279087260780819,14,3,0,17,0.8235294117647058
2025,SF,103.68758881761815,629.0,0.16484513325535477,99.59863756579,1095,0.09095765987743379,74.37614459164749,1063,-0.06996815107398635,12,5,0,17,0.7058823529411765
2025,TB,24.68698690642087,644.0,0.038333830600032405,6.34803970614916,1116,0.005688207621997455,17.002533444769295,1025,-0.016587837507091995,8,9,0,17,0.47058823529411764
2025,TEN,-126.82798815010017,646.0,-0.1963281550311148,-155.25444129284168,1046,-0.1484268081193515,109.72968508315581,1035,-0.10601901940401529,3,14,0,17,0.17647058823529413
2025,WAS,20.475134090199287,567.0,0.03611134760176241,35.73498853499058,1029,0.0347278800145681,169.3084508153068,1116,-0.15171008137572295,5,12,0,17,0.29411764705882354
